organization,companyType,invoiceCountAllAccounting,trackerActivityCount,dominantPartNumber,dominantShare,monthlyCadenceShare,modalServiceShare,amountTrend,learnedRatioPoints
123formbuilder,SMALL,2,1,RED-VA-I-B-100,1.000,0.000,1.000,MIXED/UNKNOWN,0
accesa it systems,SMALL,4,2,RED-PEN-B-I-B-30,1.000,0.000,0.500,MIXED/UNKNOWN,0
adm romania logistics,SMALL,3,2,RED-NIS-C-PEN-100,0.500,0.000,0.500,MIXED/UNKNOWN,0
alliance healthcare romania,SMALL,1,2,RED-NIS-C-PEN-100,0.500,0.000,1.000,MIXED/UNKNOWN,0
alloga logistics romania,SMALL,1,1,RED-NIS-C-AUDIT-100,1.000,0.000,1.000,MIXED/UNKNOWN,0
altex romania,RECURRENT,12,12,PHISH-P-L-MM-F-4000-12,1.000,1.000,1.000,STABLE,12
amber studio,SMALL,2,1,RED-PEN-B-E-B-15,1.000,0.000,1.000,MIXED/UNKNOWN,0
amethyst radioterapia alba iulia,SMALL,1,2,RED-NIS-C-PEN-200,1.000,0.000,1.000,MIXED/UNKNOWN,0
apa service,SMALL,1,2,RED-NIS-C-PEN-10,0.500,0.000,1.000,MIXED/UNKNOWN,0
apavital,SMALL,3,3,RED-NIS-C-PEN-100,0.333,0.000,0.500,MIXED/UNKNOWN,0
aquila part prod com,SMALL,2,2,RED-PEN-B-I-B-50,0.500,0.000,1.000,MIXED/UNKNOWN,0
art craft design,RECURRENT,16,24,BLUE-MDR-C-6,1.000,0.867,0.688,STABLE,13
asset tokenization services ou,SMALL,1,1,RED-PEN-S-WB-1,1.000,0.000,1.000,MIXED/UNKNOWN,0
assist software,SMALL,2,1,CYBEREDU-DEV-T-1,1.000,0.000,1.000,MIXED/UNKNOWN,0
astormueller,SMALL,3,14,BLUE-IR-OC-6,1.000,0.000,0.333,MIXED/UNKNOWN,0
banca comerciala romana,SMALL,3,3,RED-PEN-S-B-11,1.000,0.000,1.000,MIXED/UNKNOWN,0
bit sentinel security,SMALL,3,1,CYBEREDU-OP-U-5,1.000,0.000,0.333,MIXED/UNKNOWN,0
capital financial services,STANDARD,8,15,RED-VA-E-B-100,0.667,0.000,0.125,MIXED/UNKNOWN,0
carma,SMALL,1,1,RED-PEN-B-E-B-10,1.000,0.000,1.000,MIXED/UNKNOWN,0
carrefour banque,SMALL,2,2,RED-PEN-B-E-B-25,0.500,0.000,0.500,MIXED/UNKNOWN,0
carrefour belgium,SMALL,1,1,RED-PEN-B-E-B-30,1.000,0.000,1.000,MIXED/UNKNOWN,0
carrefour global sourcing asia,SMALL,2,2,RED-PEN-B-E-B-5,0.500,0.000,1.000,MIXED/UNKNOWN,0
carrefour romania,STANDARD,12,12,RED-PEN-B-E-B-5,0.250,0.222,0.083,MIXED/UNKNOWN,0
carrefour systemes d information 0552 massy,SMALL,4,4,RED-PEN-B-E-B-20,0.500,0.333,0.500,MIXED/UNKNOWN,0
certsign,MANY,42,32,RED-PEN-M-G-1,0.281,0.346,0.100,MIXED/UNKNOWN,0
cez vanzare,SMALL,1,2,RED-NIS-C-PEN-58,0.500,0.000,1.000,MIXED/UNKNOWN,0
code whale,STANDARD,8,8,RED-PEN-S-B-1,1.000,0.000,0.500,MIXED/UNKNOWN,0
compania nationala de investitii,SMALL,2,1,RED-PEN-B-I-B-20,1.000,0.000,0.500,MIXED/UNKNOWN,0
comtim romania,SMALL,1,1,RED-PEN-B-E-B-10,1.000,0.000,1.000,MIXED/UNKNOWN,0
creatopy,SMALL,2,1,RED-PEN-B-E-B-5,1.000,0.000,0.500,MIXED/UNKNOWN,0
crowngem,MANY,22,13,RED-C-Q-QQ-12,0.846,0.111,1.000,MIXED/UNKNOWN,0
custify,STANDARD,10,5,RED-PEN-S-WB-1,0.800,0.167,0.286,MIXED/UNKNOWN,0
digital economy development,SMALL,3,3,RED-C-M-YY-12,1.000,0.000,0.667,MIXED/UNKNOWN,0
digital sale,SMALL,1,1,RED-VA-I-B-25,1.000,0.000,1.000,MIXED/UNKNOWN,0
digitize tech,RECURRENT,12,48,BLUE-MDR-C-10,0.500,0.889,0.750,MIXED/UNKNOWN,4
directoratul national de securitate cibernetica dnsc,SMALL,1,1,RED-MISC-<30>,1.000,0.000,1.000,MIXED/UNKNOWN,0
distributie energie oltenia,SMALL,2,4,RED-NIS-C-PEN-100,0.500,0.000,0.500,MIXED/UNKNOWN,0
dona cargo,MANY,26,2,RED-NIS-C-PEN-300,0.500,0.792,0.400,MIXED/UNKNOWN,0
dona logistica,RECURRENT,46,38,BLUE-MDR-C-725,0.947,0.792,0.455,STABLE,4
echinox evaluari,SMALL,2,2,RED-VA-I-P-10,1.000,0.000,1.000,MIXED/UNKNOWN,0
edpr romania,SMALL,1,1,CONSULTANCY-MISC-7,1.000,0.000,1.000,MIXED/UNKNOWN,0
electro-alfa international,STANDARD,8,3,RED-PEN-RED-ST-30,0.333,0.000,0.200,MIXED/UNKNOWN,0
elgeka - ferfelis romania,SMALL,3,1,RED-PEN-B-I-BP-150,1.000,0.000,0.333,MIXED/UNKNOWN,0
elit,SMALL,1,1,RED-PEN-B-E-B-16,1.000,0.000,1.000,MIXED/UNKNOWN,0
ernst young support services,SMALL,2,1,CYBEREDU-UNR,1.000,0.000,0.500,MIXED/UNKNOWN,0
european digital exchange,SMALL,1,2,RED-PEN-B-I-B-500,0.500,0.000,1.000,MIXED/UNKNOWN,0
european union agency for network information security,SMALL,1,8,CYBEREDU-MISC,0.375,0.000,1.000,MIXED/UNKNOWN,0
europeum,SMALL,2,1,RED-PEN-S-B-<8>,1.000,0.000,0.500,MIXED/UNKNOWN,0
ewind,SMALL,2,2,RED-NIS-C-PEN-100,0.500,0.000,1.000,MIXED/UNKNOWN,0
farmaceutica argesfarm,SMALL,3,2,RED-NIS-C-PEN-100,0.500,0.000,0.333,MIXED/UNKNOWN,0
farmec,RECURRENT,13,11,CONSULTANCY-MISC-8,0.727,0.800,0.545,STABLE,10
fildas trading,SMALL,3,2,RED-NIS-C-PEN-100,0.500,0.000,0.333,MIXED/UNKNOWN,0
flashnet,STANDARD,8,9,RED-NIS-C-PEN-10,1.000,0.000,0.429,MIXED/UNKNOWN,0
focality,SMALL,1,1,RED-PEN-B-E-B-11,1.000,0.000,1.000,MIXED/UNKNOWN,0
fortech,SMALL,2,2,RED-PEN-B-I-B-50,0.500,0.000,1.000,MIXED/UNKNOWN,0
g d meta farm,SMALL,1,2,RED-NIS-C-PEN-100,0.500,0.000,1.000,MIXED/UNKNOWN,0
graftex prodcom,RECURRENT,16,24,BLUE-MDR-C-6,1.000,0.867,0.688,STABLE,13
hertza,RECURRENT,28,36,RED-PEN-B-E-B-30,0.944,0.846,0.667,STABLE,26
high-tech systems software,SMALL,3,1,RED-PEN-B-E-B-1,1.000,0.000,0.500,MIXED/UNKNOWN,0
histria shipmanagement,SMALL,2,1,RED-PEN-RED-ST-50,1.000,0.000,0.500,MIXED/UNKNOWN,0
infomed fluids,STANDARD,6,5,RED-AUDIT-A-30,0.600,0.333,0.500,MIXED/UNKNOWN,0
infosys romania,SMALL,4,2,RED-PEN-B-E-B-44,1.000,0.000,1.000,MIXED/UNKNOWN,0
ingka investments renewable energy romania,SMALL,1,4,CONSULTANCY-MISC-5,0.250,0.000,1.000,MIXED/UNKNOWN,0
insights enterprise,STANDARD,8,4,RED-PEN-S-WB-1,1.000,0.000,0.500,MIXED/UNKNOWN,0
internet corp,SMALL,2,1,RED-PEN-S-WB-1,1.000,0.000,0.500,MIXED/UNKNOWN,0
jaxable,STANDARD,7,2,RED-PEN-B-E-B-17,1.000,0.250,0.200,MIXED/UNKNOWN,0
kaufland romania s,STANDARD,5,5,RED-PEN-S-WB-1,0.600,0.000,0.200,MIXED/UNKNOWN,0
keysight technologies ro,RECURRENT,92,91,KS-MM-RD-2,0.824,0.802,0.088,STABLE,74
krankenhaus bethanien ggmbh,SMALL,2,2,RED-PEN-B-E-BP-<400>,0.500,0.000,0.500,MIXED/UNKNOWN,0
la fantana,STANDARD,7,2,CONSULTANCY-MISC-100,0.500,0.333,0.200,MIXED/UNKNOWN,0
lanceria freelancing,SMALL,1,1,RED-PEN-S-WB-1,1.000,0.000,1.000,MIXED/UNKNOWN,0
latitude business application,STANDARD,5,2,RED-PEN-B-E-B-6,0.500,0.000,0.333,MIXED/UNKNOWN,0
liveauctioneers,SMALL,3,2,BLUE-IR-300,0.500,0.000,1.000,MIXED/UNKNOWN,0
m247 europe,STANDARD,6,6,CONSULTANCY-MISC-5,0.333,0.500,0.667,MIXED/UNKNOWN,0
macromex,SMALL,3,2,RED-PEN-B-I-B-500,0.500,0.000,1.000,MIXED/UNKNOWN,0
maib ifn,SMALL,1,1,RED-PEN-B-E-B-13,1.000,0.000,1.000,MIXED/UNKNOWN,0
med serv united,SMALL,3,2,RED-NIS-C-PEN-100,0.500,0.000,0.333,MIXED/UNKNOWN,0
medplaza health,SMALL,1,1,BLUE-IR-9,1.000,0.000,1.000,MIXED/UNKNOWN,0
meisterlabs,SMALL,4,3,RED-PEN-B-E-B-30,0.667,0.333,0.333,MIXED/UNKNOWN,0
meridian taxi,SMALL,1,1,RED-VA-E-B-<4>,1.000,0.000,1.000,MIXED/UNKNOWN,0
metaminds,SMALL,1,1,RED-PEN-B-E-B-7,1.000,0.000,1.000,MIXED/UNKNOWN,0
millenium pro design,RECURRENT,24,26,BLUE-MDR-C-12,0.923,0.882,0.550,STABLE,15
mindit consulting,SMALL,1,1,RED-VA-I-B-25,1.000,0.000,1.000,MIXED/UNKNOWN,0
moon pay,RECURRENT,26,25,RED-C-M-MM-16,0.960,0.917,0.125,STABLE,25
mw team invest,SMALL,2,4,RED-NIS-C-PEN-4,0.500,0.000,0.500,MIXED/UNKNOWN,0
myconnector platform,SMALL,2,1,BLUE-IR-10,1.000,0.000,0.500,MIXED/UNKNOWN,0
nestlers partners,RECURRENT,32,37,BLUE-MDR-C-5,0.973,0.897,0.567,STABLE,26
net brinel,SMALL,1,1,PHISH-T-MM-FM-<500>-<3>,1.000,0.000,1.000,MIXED/UNKNOWN,0
new eclipsa shoes,SMALL,2,1,BLUE-IR-10,1.000,0.000,1.000,MIXED/UNKNOWN,0
nexog,SMALL,3,2,RED-PEN-B-E-B-7,1.000,0.000,0.333,MIXED/UNKNOWN,0
nova power gas,SMALL,3,3,RED-NIS-C-PEN-100,0.667,0.000,0.500,MIXED/UNKNOWN,0
nutripaw pet nutrition,SMALL,2,1,BLUE-IR-10,1.000,0.000,1.000,MIXED/UNKNOWN,0
online venues events,STANDARD,6,2,RED-PEN-S-B-1,1.000,0.000,0.400,MIXED/UNKNOWN,0
orange romania,MANY,139,296,BLUE-IR-OC-6,0.209,0.385,0.082,MIXED/UNKNOWN,0
oveit,SMALL,1,1,RED-PEN-S-B-1,1.000,0.000,0.000,MIXED/UNKNOWN,0
ovidiu development,SMALL,2,4,RED-NIS-C-PEN-12,0.500,0.000,0.500,MIXED/UNKNOWN,0
pf laura-lucia vaida,SMALL,1,1,BLUE-IR-4,1.000,0.000,1.000,MIXED/UNKNOWN,0
pluridio,MANY,15,14,BLUE-MDR-C-65,0.857,0.444,0.385,MIXED/UNKNOWN,0
premier energy furnizare,SMALL,2,3,RED-NIS-C-PEN-58,0.333,0.000,0.500,MIXED/UNKNOWN,0
primonet ro,RECURRENT,16,24,BLUE-MDR-C-5,1.000,0.933,0.688,STABLE,14
pro tv,STANDARD,7,8,CONSULTANCY-MISC-8,0.250,0.000,0.333,MIXED/UNKNOWN,0
pvolve,RECURRENT,15,24,BLUE-MDR-C-16,0.167,0.857,0.929,STABLE,12
quantic lab,STANDARD,9,4,RED-PEN-B-E-B-50,1.000,0.143,0.125,MIXED/UNKNOWN,0
quanto masernet,SMALL,1,15,RED-VA-E-S-50,0.800,0.000,0.000,MIXED/UNKNOWN,0
quantopay,SMALL,2,3,RED-PEN-S-B-1,0.667,0.000,0.500,MIXED/UNKNOWN,0
quehenberger logistics rou,SMALL,3,1,RED-PEN-B-E-B-11,1.000,0.000,0.500,MIXED/UNKNOWN,0
r t c radiology therapeutic center,SMALL,2,4,RED-NIS-C-PEN-200,1.000,0.000,1.000,MIXED/UNKNOWN,0
radiotherapy center cluj,SMALL,1,2,RED-NIS-C-PEN-200,1.000,0.000,1.000,MIXED/UNKNOWN,0
restart energy democracy,STANDARD,6,3,RED-PEN-S-WB-1,0.667,0.000,0.333,MIXED/UNKNOWN,0
restart energy one,SMALL,1,1,RED-PEN-S-G-1,1.000,0.000,1.000,MIXED/UNKNOWN,0
robite,SMALL,2,1,RED-PEN-B-E-B-5,1.000,0.000,1.000,MIXED/UNKNOWN,0
romanian franchise systems,SMALL,2,1,RED-PEN-S-WB-1,1.000,0.000,1.000,MIXED/UNKNOWN,0
samsung electronics romania,SMALL,4,6,CONSULTANCY-MISC-1,0.333,0.000,0.750,MIXED/UNKNOWN,0
selgros cash carry,MANY,84,117,BLUE-IR-OC-5,0.410,0.644,0.238,MIXED/UNKNOWN,0
sevio solutions,SMALL,2,1,RED-PEN-S-B-1,1.000,0.000,1.000,MIXED/UNKNOWN,0
silkweb,MANY,113,127,RED-C-M-MM-16,0.520,0.915,0.333,MIXED/UNKNOWN,0
spektr aps,SMALL,2,1,RED-PEN-B-E-B-5,1.000,0.000,0.500,MIXED/UNKNOWN,0
spring farm,SMALL,3,2,RED-NIS-C-PEN-100,0.500,0.000,0.333,MIXED/UNKNOWN,0
technosoft,SMALL,2,2,RED-PEN-B-E-B-5,0.500,0.000,0.500,MIXED/UNKNOWN,0
telio nederland,STANDARD,6,3,RED-PEN-B-E-B-5,0.333,0.250,0.333,MIXED/UNKNOWN,0
the brief,SMALL,2,2,RED-PEN-B-E-B-5,1.000,0.000,0.500,MIXED/UNKNOWN,0
think huge,SMALL,3,2,RED-PEN-B-I-B-26,0.500,0.000,0.333,MIXED/UNKNOWN,0
ticketing nation,SMALL,2,1,RED-PEN-B-E-B-5,1.000,0.000,0.500,MIXED/UNKNOWN,0
timesafe,STANDARD,7,6,RED-PEN-S-G-2,0.833,0.000,0.333,MIXED/UNKNOWN,0
tmk hydroenergy power,SMALL,2,4,RED-NIS-C-PEN-4,0.500,0.000,0.500,MIXED/UNKNOWN,0
tomis team,SMALL,2,4,RED-NIS-C-PEN-12,0.500,0.000,0.500,MIXED/UNKNOWN,0
totem communication,SMALL,2,1,RED-PEN-B-E-B-8,1.000,0.000,1.000,MIXED/UNKNOWN,0
transcent consulting,SMALL,1,1,RED-PEN-S-B-1,1.000,0.000,1.000,MIXED/UNKNOWN,0
typingdna,STANDARD,8,1,RED-PEN-B-E-B-30,1.000,0.250,0.500,MIXED/UNKNOWN,0
un international computing centre,SMALL,1,1,CYBEREDU-RUN-EX-2,1.000,0.000,0.000,MIXED/UNKNOWN,0
united media services,RECURRENT,58,70,BLUE-MDR-C-100,0.600,0.893,0.724,STABLE,53
united nations development programme,SMALL,1,2,CYBEREDU-RUN-EX-2,1.000,0.000,1.000,MIXED/UNKNOWN,0
universitatea de vest timisoara,SMALL,1,1,CYBEREDU-SM-Y-50-24,1.000,0.000,1.000,MIXED/UNKNOWN,0
valoris center,STANDARD,5,5,RED-VA-I-S-25,1.000,0.000,0.400,MIXED/UNKNOWN,0
vig management service,STANDARD,7,1,RED-PEN-B-E-B-108,1.000,0.000,0.400,MIXED/UNKNOWN,0
volta x solar systems,SMALL,2,1,RED-PEN-B-E-B-5,1.000,0.000,1.000,MIXED/UNKNOWN,0
vonq,STANDARD,5,3,RED-PEN-B-E-B-5,0.667,0.000,0.500,MIXED/UNKNOWN,0
wac malta,SMALL,2,1,RED-PEN-B-E-B-35,1.000,0.000,0.500,MIXED/UNKNOWN,0
waydev,RECURRENT,77,64,BLUE-MDR-C-50,0.922,0.787,0.542,STABLE,58
white image loyalty,STANDARD,6,1,RED-PEN-B-E-B-10,1.000,0.000,0.333,MIXED/UNKNOWN,0
wpcodebox,SMALL,3,1,RED-PEN-B-I-B-1,1.000,0.000,1.000,MIXED/UNKNOWN,0
xoomworks development ro,SMALL,2,1,CYBEREDU-DEV-T-2,1.000,0.000,1.000,MIXED/UNKNOWN,0
zamfirescu racoti vasile partners,RECURRENT,30,36,BLUE-MDR-C-103,1.000,0.931,0.567,STABLE,26
zipper services,MANY,35,21,PHISH-P-L-MM-S-200-12,0.381,0.083,0.240,MIXED/UNKNOWN,0
zitec com,SMALL,2,2,CYBEREDU-UNR,1.000,0.000,0.500,MIXED/UNKNOWN,0
zone consulting it,SMALL,2,2,BLUE-IR-50,0.500,0.000,0.500,MIXED/UNKNOWN,0