sourceKey,collidingDbKey,invoiceNumber,organization,issueDate,amountContract,amountLocal,proposedPartNumber,confidence,reason
ron:21040,accounting:BT.BIT 622,BT.BIT 622,APAVITAL SA,2024-04-22,,37314.75,RED-NIS-C-PEN-100,MEDIUM,Present in newest accounting export but absent from production (usually externalRecordId collision).
ron:4399,accounting:BT.BIT 91,BT.BIT 91,ASIGURAREA ROMANEASCA - ASIROM VIENNA INSURANCE GROUP SA,2019-02-25,6300.00,29999.97,,NONE,Present in newest accounting export but absent from production (usually externalRecordId collision).
ron:4636,accounting:BT.BIT 107,BT.BIT 107,ASIGURAREA ROMANEASCA - ASIROM VIENNA INSURANCE GROUP SA,2019-04-17,6300.00,44968.46,,NONE,Present in newest accounting export but absent from production (usually externalRecordId collision).
ron:6115,accounting:BT.BIT 157,BT.BIT 157,ASIGURAREA ROMANEASCA - ASIROM VIENNA INSURANCE GROUP SA,2019-12-11,5670.00,27099.20,,NONE,Present in newest accounting export but absent from production (usually externalRecordId collision).
ron:6184,accounting:BT.BIT 161,BT.BIT 161,ASIGURAREA ROMANEASCA - ASIROM VIENNA INSURANCE GROUP SA,2019-12-18,5670.00,27099.20,,NONE,Present in newest accounting export but absent from production (usually externalRecordId collision).
ron:6188,accounting:BT.BIT 162,BT.BIT 162,ASIGURAREA ROMANEASCA - ASIROM VIENNA INSURANCE GROUP SA,2019-12-18,14175.00,67712.55,,NONE,Present in newest accounting export but absent from production (usually externalRecordId collision).
ron:3726,accounting:BT.BIT 75,BT.BIT 75,ASOCIATIA CENTRUL DE CERCETARE IN SECURITATE INFORMATICA DIN ROM,2018-11-20,9000.00,41995.80,,NONE,Present in newest accounting export but absent from production (usually externalRecordId collision).
valuta:55446,accounting:BT.BIT 201,BT.BIT 201,ASTORMUELLER AG,2026-05-05,16920.00,87980.62,BLUE-IR-OC-6,HIGH,Present in newest accounting export but absent from production (usually externalRecordId collision).
ron:3550,accounting:BT.BIT 71,BT.BIT 71,AVAELGO SRL,2018-09-24,3500.00,16302.30,,NONE,Present in newest accounting export but absent from production (usually externalRecordId collision).
ron:4241,accounting:BT.BIT 85,BT.BIT 85,AVAELGO SRL,2019-02-04,5000.00,23773.00,,NONE,Present in newest accounting export but absent from production (usually externalRecordId collision).
ron:4885,accounting:BT.BIT 111,BT.BIT 111,AVAELGO SRL,2019-05-28,11500.00,54741.15,,NONE,Present in newest accounting export but absent from production (usually externalRecordId collision).
ron:7582,accounting:BT.BIT 215,BT.BIT 215,BANU MARIUS ANDREI,2020-07-24,,268.91,,NONE,Present in newest accounting export but absent from production (usually externalRecordId collision).
ron:4397,accounting:BT.BIT 90,BT.BIT 90,BCR ASIGURARI DE VIATA VIENNA INSURANCE GROUP SA,2019-02-25,4500.00,21428.55,,NONE,Present in newest accounting export but absent from production (usually externalRecordId collision).
ron:4430,accounting:BT.BIT 97,BT.BIT 97,BCR ASIGURARI DE VIATA VIENNA INSURANCE GROUP SA,2019-03-12,4500.00,21428.55,,NONE,Present in newest accounting export but absent from production (usually externalRecordId collision).
ron:4437,accounting:BT.BIT 99,BT.BIT 99,BCR ASIGURARI DE VIATA VIENNA INSURANCE GROUP SA,2019-03-12,11250.00,53455.50,,NONE,Present in newest accounting export but absent from production (usually externalRecordId collision).
ron:6117,accounting:BT.BIT 158,BT.BIT 158,BCR ASIGURARI DE VIATA VIENNA INSURANCE GROUP SA,2019-12-11,4050.00,19356.57,,NONE,Present in newest accounting export but absent from production (usually externalRecordId collision).
ron:6191,accounting:BT.BIT 163,BT.BIT 163,BCR ASIGURARI DE VIATA VIENNA INSURANCE GROUP SA,2019-12-18,4050.00,19356.57,,NONE,Present in newest accounting export but absent from production (usually externalRecordId collision).
ron:6193,accounting:BT.BIT 164,BT.BIT 164,BCR ASIGURARI DE VIATA VIENNA INSURANCE GROUP SA,2019-12-18,10125.00,48366.11,,NONE,Present in newest accounting export but absent from production (usually externalRecordId collision).
ron:7828,accounting:BT.BIT 221,BT.BIT 221,BESTJOBS RECRUTARE SA,2020-08-17,1600.00,7735.04,,NONE,Present in newest accounting export but absent from production (usually externalRecordId collision).
ron:8000,accounting:BT.BIT 228,BT.BIT 228,BESTJOBS RECRUTARE SA,2020-09-03,1600.00,7735.04,,NONE,Present in newest accounting export but absent from production (usually externalRecordId collision).
ron:8002,accounting:BT.BIT 229,BT.BIT 229,BESTJOBS RECRUTARE SA,2020-09-03,4000.00,19363.60,,NONE,Present in newest accounting export but absent from production (usually externalRecordId collision).
ron:313,accounting:BT.BIT 12,BT.BIT 12,BLUETEQ BUSINESS SRL,2016-08-02,656.00,2922.22,,NONE,Present in newest accounting export but absent from production (usually externalRecordId collision).
ron:318,accounting:BT.BIT 13,BT.BIT 13,BLUETEQ BUSINESS SRL,2016-09-19,228.76,1017.16,,NONE,Present in newest accounting export but absent from production (usually externalRecordId collision).
valuta:54072,accounting:BT.BIT 197,BT.BIT 197,CARREFOUR BANQUE,2026-04-02,19800.00,100950.30,RED-PEN-B-E-B-45,LOW,Present in newest accounting export but absent from production (usually externalRecordId collision).
valuta:53972,accounting:BT.BIT 196,BT.BIT 196,CARREFOUR GLOBAL SOURCING ASIA LIMITED,2026-03-30,880.00,4487.21,RED-PEN-B-E-B-2,LOW,Present in newest accounting export but absent from production (usually externalRecordId collision).
valuta:53859,accounting:BT.BIT 194,BT.BIT 194,CARREFOUR SYSTEMES D'INFORMATION 0552 MASSY,2026-03-27,1760.00,8967.73,RED-PEN-B-E-B-4,LOW,Present in newest accounting export but absent from production (usually externalRecordId collision).
valuta:54145,accounting:BT.BIT 199,BT.BIT 199,CARREFOUR SYSTEMES D'INFORMATION 0552 MASSY,2026-04-21,8800.00,44870.32,RED-PEN-B-E-B-20,MEDIUM,Present in newest accounting export but absent from production (usually externalRecordId collision).
ron:8462,accounting:BT.BIT 237,BT.BIT 237,CEBIS INTERNATIONAL SRL,2020-10-26,1000.00,4874.40,,NONE,Present in newest accounting export but absent from production (usually externalRecordId collision).
ron:8734,accounting:BT.BIT 244,BT.BIT 244,CEBIS INTERNATIONAL SRL,2020-12-14,1500.00,7309.50,,NONE,Present in newest accounting export but absent from production (usually externalRecordId collision).
ron:8732,accounting:BT.BIT 243,BT.BIT 243,CENTRUL MEDICAL UNIREA SRL,2020-12-14,6840.00,33331.32,,NONE,Present in newest accounting export but absent from production (usually externalRecordId collision).
ron:6603,accounting:BT.BIT 174,BT.BIT 174,CERTSIGN SA,2020-02-10,8000.00,38134.40,RED-PEN-B-I-BP-100,HIGH,Present in newest accounting export but absent from production (usually externalRecordId collision).
ron:7333,accounting:BT.BIT 196,BT.BIT 196,CERTSIGN SA,2020-05-19,1400.00,6775.30,RED-PEN-S-B-3,MEDIUM,Present in newest accounting export but absent from production (usually externalRecordId collision).
ron:7538,accounting:BT.BIT 203,BT.BIT 203,CERTSIGN SA,2020-06-25,1400.00,6775.30,RED-PEN-S-B-3,HIGH,Present in newest accounting export but absent from production (usually externalRecordId collision).
ron:7540,accounting:BT.BIT 204,BT.BIT 204,CERTSIGN SA,2020-06-25,3500.00,16951.20,RED-PEN-S-B-3,MEDIUM,Present in newest accounting export but absent from production (usually externalRecordId collision).
ron:8630,accounting:BT.BIT 240,BT.BIT 240,CERTSIGN SA,2020-11-20,25650.00,124989.88,CYBEREDU-RUN-EX-1,MEDIUM,Present in newest accounting export but absent from production (usually externalRecordId collision).
ron:9149,accounting:BT.BIT 247,BT.BIT 247,CERTSIGN SA,2021-01-21,5100.00,24857.91,RED-PEN-B-I-BP-150,MEDIUM,Present in newest accounting export but absent from production (usually externalRecordId collision).
ron:9169,accounting:BT.BIT 252,BT.BIT 252,CERTSIGN SA,2021-02-22,5100.00,37293.24,RED-PEN-B-I-BP-150,MEDIUM,Present in newest accounting export but absent from production (usually externalRecordId collision).
ron:3711,accounting:BT.BIT 73,BT.BIT 73,CONNECTIONS CONSULT SRL,2018-10-31,,7500.00,,NONE,Present in newest accounting export but absent from production (usually externalRecordId collision).
ron:3879,accounting:BT.BIT 77,BT.BIT 77,CONNECTIONS CONSULT SRL,2018-12-03,,7500.00,,NONE,Present in newest accounting export but absent from production (usually externalRecordId collision).
ron:3886,accounting:BT.BIT 79,BT.BIT 79,CONNECTIONS CONSULT SRL,2018-12-03,,46560.00,,NONE,Present in newest accounting export but absent from production (usually externalRecordId collision).
ron:4057,accounting:BT.BIT 83,BT.BIT 83,CONNECTIONS CONSULT SRL,2018-12-31,,7500.00,,NONE,Present in newest accounting export but absent from production (usually externalRecordId collision).
ron:4236,accounting:BT.BIT 84,BT.BIT 84,CONNECTIONS CONSULT SRL,2019-01-31,,7500.00,,NONE,Present in newest accounting export but absent from production (usually externalRecordId collision).
ron:4403,accounting:BT.BIT 93,BT.BIT 93,CONNECTIONS CONSULT SRL,2019-02-28,,7500.00,,NONE,Present in newest accounting export but absent from production (usually externalRecordId collision).
ron:4616,accounting:BT.BIT 101,BT.BIT 101,CONNECTIONS CONSULT SRL,2019-04-01,,7500.00,,NONE,Present in newest accounting export but absent from production (usually externalRecordId collision).
ron:4756,accounting:BT.BIT 109,BT.BIT 109,CONNECTIONS CONSULT SRL,2019-05-03,,7500.00,,NONE,Present in newest accounting export but absent from production (usually externalRecordId collision).
ron:4898,accounting:BT.BIT 115,BT.BIT 115,CONNECTIONS CONSULT SRL,2019-06-03,,7500.00,,NONE,Present in newest accounting export but absent from production (usually externalRecordId collision).
ron:5076,accounting:BT.BIT 125,BT.BIT 125,CONNECTIONS CONSULT SRL,2019-07-01,,7500.00,,NONE,Present in newest accounting export but absent from production (usually externalRecordId collision).
ron:5257,accounting:BT.BIT 128,BT.BIT 128,CONNECTIONS CONSULT SRL,2019-07-31,,7500.00,,NONE,Present in newest accounting export but absent from production (usually externalRecordId collision).
ron:5449,accounting:BT.BIT 135,BT.BIT 135,CONNECTIONS CONSULT SRL,2019-09-02,,7500.00,,NONE,Present in newest accounting export but absent from production (usually externalRecordId collision).
ron:5608,accounting:BT.BIT 138,BT.BIT 138,CONNECTIONS CONSULT SRL,2019-09-30,,7500.00,,NONE,Present in newest accounting export but absent from production (usually externalRecordId collision).
ron:5777,accounting:BT.BIT 148,BT.BIT 148,CONNECTIONS CONSULT SRL,2019-11-03,,7500.00,,NONE,Present in newest accounting export but absent from production (usually externalRecordId collision).
ron:5947,accounting:BT.BIT 151,BT.BIT 151,CONNECTIONS CONSULT SRL,2019-12-01,,7500.00,,NONE,Present in newest accounting export but absent from production (usually externalRecordId collision).
ron:6215,accounting:BT.BIT 169,BT.BIT 169,CONNECTIONS CONSULT SRL,2020-01-06,,7500.00,,NONE,Present in newest accounting export but absent from production (usually externalRecordId collision).
ron:6477,accounting:BT.BIT 170,BT.BIT 170,CONNECTIONS CONSULT SRL,2020-01-31,,7500.00,,NONE,Present in newest accounting export but absent from production (usually externalRecordId collision).
ron:6773,accounting:BT.BIT 178,BT.BIT 178,CONNECTIONS CONSULT SRL,2020-03-02,,7500.00,,NONE,Present in newest accounting export but absent from production (usually externalRecordId collision).
ron:7001,accounting:BT.BIT 184,BT.BIT 184,CONNECTIONS CONSULT SRL,2020-03-31,,7500.00,,NONE,Present in newest accounting export but absent from production (usually externalRecordId collision).
ron:7202,accounting:BT.BIT 192,BT.BIT 192,CONNECTIONS CONSULT SRL,2020-04-30,,7500.00,,NONE,Present in newest accounting export but absent from production (usually externalRecordId collision).
ron:7344,accounting:BT.BIT 198,BT.BIT 198,CONNECTIONS CONSULT SRL,2020-06-02,,7500.00,,NONE,Present in newest accounting export but absent from production (usually externalRecordId collision).
ron:7546,accounting:BT.BIT 207,BT.BIT 207,CONNECTIONS CONSULT SRL,2020-06-30,,7500.00,,NONE,Present in newest accounting export but absent from production (usually externalRecordId collision).
ron:7805,accounting:BT.BIT 217,BT.BIT 217,CONNECTIONS CONSULT SRL,2020-07-31,,12500.00,,NONE,Present in newest accounting export but absent from production (usually externalRecordId collision).
ron:1753,accounting:BT.BIT 32,BT.BIT 32,CONSILIERUL COMERCIAL AL AMBASADEI AUSTRIEI LA BUCURESTI,2017-10-05,1750.00,8010.10,,NONE,Present in newest accounting export but absent from production (usually externalRecordId collision).
ron:67,accounting:BT.BIT 8,BT.BIT 8,CREATIVE MEDIA DEVELOPMENT SRL,2016-03-24,500.00,2232.05,,NONE,Present in newest accounting export but absent from production (usually externalRecordId collision).
ron:321,accounting:BT.BIT 14,BT.BIT 14,CREATIVE MEDIA DEVELOPMENT SRL,2016-09-26,650.00,2890.55,,NONE,Present in newest accounting export but absent from production (usually externalRecordId collision).
ron:354,accounting:BT.BIT 16,BT.BIT 16,CREATIVE MEDIA DEVELOPMENT SRL,2016-12-07,11130.00,50092.79,,NONE,Present in newest accounting export but absent from production (usually externalRecordId collision).
ron:1073,accounting:BT.BIT 24,BT.BIT 24,CREATIVE MEDIA DEVELOPMENT SRL,2017-03-22,,2281.70,,NONE,Present in newest accounting export but absent from production (usually externalRecordId collision).
ron:1428,accounting:BT.BIT 26,BT.BIT 26,CREATIVE MEDIA DEVELOPMENT SRL,2017-06-14,,2283.35,,NONE,Present in newest accounting export but absent from production (usually externalRecordId collision).
ron:1739,accounting:BT.BIT 29,BT.BIT 29,CREATIVE MEDIA DEVELOPMENT SRL,2017-09-06,500.00,2297.95,,NONE,Present in newest accounting export but absent from production (usually externalRecordId collision).
ron:2042,accounting:BT.BIT 34,BT.BIT 34,CREATIVE MEDIA DEVELOPMENT SRL,2017-11-29,500.00,2321.10,,NONE,Present in newest accounting export but absent from production (usually externalRecordId collision).
ron:2387,accounting:BT.BIT 38,BT.BIT 38,CREATIVE MEDIA DEVELOPMENT SRL,2018-02-16,,58247.50,,NONE,Present in newest accounting export but absent from production (usually externalRecordId collision).
ron:2403,accounting:BT.BIT 40,BT.BIT 40,CREATIVE MEDIA DEVELOPMENT SRL,2018-02-27,650.00,3026.66,,NONE,Present in newest accounting export but absent from production (usually externalRecordId collision).
ron:2842,accounting:BT.BIT 50,BT.BIT 50,CREATIVE MEDIA DEVELOPMENT SRL,2018-05-23,5500.00,25423.75,,NONE,Present in newest accounting export but absent from production (usually externalRecordId collision).
ron:2844,accounting:BT.BIT 51,BT.BIT 51,CREATIVE MEDIA DEVELOPMENT SRL,2018-05-23,650.00,3004.62,,NONE,Present in newest accounting export but absent from production (usually externalRecordId collision).
ron:3385,accounting:BT.BIT 67,BT.BIT 67,CREATIVE MEDIA DEVELOPMENT SRL,2018-09-03,650.00,3014.38,,NONE,Present in newest accounting export but absent from production (usually externalRecordId collision).
ron:3895,accounting:BT.BIT 81,BT.BIT 81,CREATIVE MEDIA DEVELOPMENT SRL,2018-12-11,650.00,3022.18,,NONE,Present in newest accounting export but absent from production (usually externalRecordId collision).
ron:4401,accounting:BT.BIT 92,BT.BIT 92,CREATIVE MEDIA DEVELOPMENT SRL,2019-02-27,12500.00,59260.00,,NONE,Present in newest accounting export but absent from production (usually externalRecordId collision).
ron:4416,accounting:BT.BIT 95,BT.BIT 95,CREATIVE MEDIA DEVELOPMENT SRL,2019-03-01,1200.00,5691.96,,NONE,Present in newest accounting export but absent from production (usually externalRecordId collision).
ron:4418,accounting:BT.BIT 96,BT.BIT 96,CREATIVE MEDIA DEVELOPMENT SRL,2019-03-04,650.00,3080.80,,NONE,Present in newest accounting export but absent from production (usually externalRecordId collision).
ron:4914,accounting:BT.BIT 119,BT.BIT 119,CREATIVE MEDIA DEVELOPMENT SRL,2019-06-10,650.00,3067.35,,NONE,Present in newest accounting export but absent from production (usually externalRecordId collision).
ron:4916,accounting:BT.BIT 120,BT.BIT 120,CREATIVE MEDIA DEVELOPMENT SRL,2019-06-10,5500.00,25954.50,,NONE,Present in newest accounting export but absent from production (usually externalRecordId collision).
ron:5440,accounting:BT.BIT 132,BT.BIT 132,CREATIVE MEDIA DEVELOPMENT SRL,2019-08-28,650.00,3074.82,,NONE,Present in newest accounting export but absent from production (usually externalRecordId collision).
ron:6107,accounting:BT.BIT 154,BT.BIT 154,CREATIVE MEDIA DEVELOPMENT SRL,2019-12-09,650.00,3105.50,,NONE,Present in newest accounting export but absent from production (usually externalRecordId collision).
ron:6766,accounting:BT.BIT 176,BT.BIT 176,CREATIVE MEDIA DEVELOPMENT SRL,2020-02-27,7200.00,34608.96,,NONE,Present in newest accounting export but absent from production (usually externalRecordId collision).
ron:6768,accounting:BT.BIT 177,BT.BIT 177,CREATIVE MEDIA DEVELOPMENT SRL,2020-02-27,450.00,2163.06,,NONE,Present in newest accounting export but absent from production (usually externalRecordId collision).
ron:7331,accounting:BT.BIT 195,BT.BIT 195,CREATIVE MEDIA DEVELOPMENT SRL,2020-05-14,450.00,2175.71,,NONE,Present in newest accounting export but absent from production (usually externalRecordId collision).
ron:7817,accounting:BT.BIT 220,BT.BIT 220,CREATIVE MEDIA DEVELOPMENT SRL,2020-08-03,2000.00,9663.20,,NONE,Present in newest accounting export but absent from production (usually externalRecordId collision).
ron:9151,accounting:BT.BIT 248,BT.BIT 248,CREATIVE MEDIA DEVELOPMENT SRL,2021-01-29,900.00,4386.78,,NONE,Present in newest accounting export but absent from production (usually externalRecordId collision).
ron:9162,accounting:BT.BIT 251,BT.BIT 251,CREATIVE MEDIA DEVELOPMENT SRL,2021-02-15,450.00,2193.44,,NONE,Present in newest accounting export but absent from production (usually externalRecordId collision).
ron:4258,accounting:BT.BIT 87,BT.BIT 87,CRYPTOCOIN.PRO S.R.L.,2018-12-13,,21863.47,,NONE,Present in newest accounting export but absent from production (usually externalRecordId collision).
ron:7696,accounting:BT.BIT 216,BT.BIT 216,DAMIAN RAZVAN,2020-07-28,,168.07,,NONE,Present in newest accounting export but absent from production (usually externalRecordId collision).
ron:5592,accounting:BT.BIT 137,BT.BIT 137,DOCTOR-COMPUTER ASSISTED REMOTE MEDICAL & EMERGENCY NETWORK S.R.,2019-09-17,2000.00,9468.00,,NONE,Present in newest accounting export but absent from production (usually externalRecordId collision).
ron:5617,accounting:BT.BIT 140,BT.BIT 140,DOCTOR-COMPUTER ASSISTED REMOTE MEDICAL & EMERGENCY NETWORK S.R.,2019-10-01,2000.00,9468.00,,NONE,Present in newest accounting export but absent from production (usually externalRecordId collision).
ron:5620,accounting:BT.BIT 141,BT.BIT 141,DOCTOR-COMPUTER ASSISTED REMOTE MEDICAL & EMERGENCY NETWORK S.R.,2019-10-01,4000.00,19004.80,,NONE,Present in newest accounting export but absent from production (usually externalRecordId collision).
ron:48164,accounting:BT.R.BIT 61,BT.R.BIT 61,DONA. CARGO S.R.L.,2025-11-26,439.90,2238.65,,NONE,Present in newest accounting export but absent from production (usually externalRecordId collision).
ron:48246,accounting:BT.R.BIT 85,BT.R.BIT 85,DONA. LOGISTICA S.A.,2025-11-26,1539.65,7835.28,BLUE-MDR-C-725,HIGH,Present in newest accounting export but absent from production (usually externalRecordId collision).
ron:48248,accounting:BT.R.BIT 86,BT.R.BIT 86,DONA. LOGISTICA S.A.,2025-11-26,1539.65,7835.28,BLUE-MDR-C-725,HIGH,Present in newest accounting export but absent from production (usually externalRecordId collision).
ron:48162,accounting:BT.R.BIT 60,BT.R.BIT 60,DONA MARKETING GRUP SRL,2025-11-26,659.85,3357.98,,NONE,Present in newest accounting export but absent from production (usually externalRecordId collision).
ron:1076,accounting:BT.BIT 25,BT.BIT 25,EDWARD NEUK COMPANY SRL,2017-04-03,6900.00,31395.69,,NONE,Present in newest accounting export but absent from production (usually externalRecordId collision).
ron:2031,accounting:BT.BIT 33,BT.BIT 33,EDWARD NEUK COMPANY SRL,2017-11-16,13800.00,63902.28,,NONE,Present in newest accounting export but absent from production (usually externalRecordId collision).
ron:2057,accounting:BT.BIT 36,BT.BIT 36,EDWARD NEUK COMPANY SRL,2017-12-26,13800.00,64033.38,,NONE,Present in newest accounting export but absent from production (usually externalRecordId collision).
ron:2389,accounting:BT.BIT 39,BT.BIT 39,EDWARD NEUK COMPANY SRL,2018-02-19,13800.00,64320.42,,NONE,Present in newest accounting export but absent from production (usually externalRecordId collision).
ron:2861,accounting:BT.BIT 57,BT.BIT 57,EDWARD NEUK COMPANY SRL,2018-06-18,11600.00,54127.92,,NONE,Present in newest accounting export but absent from production (usually externalRecordId collision).
valuta:53869,accounting:BT.BIT 195,BT.BIT 195,EUROPEUM,2026-03-27,2950.00,15031.14,RED-PEN-S-B-<8>,HIGH,Present in newest accounting export but absent from production (usually externalRecordId collision).
valuta:54123,accounting:BT.BIT 198,BT.BIT 198,EUROPEUM,2026-04-14,2950.00,15026.42,RED-PEN-S-B-<8>,HIGH,Present in newest accounting export but absent from production (usually externalRecordId collision).
ron:361,accounting:BT.BIT 19,BT.BIT 19,FAN COURIER EXPRESS SRL,2016-12-30,13300.00,60396.63,,NONE,Present in newest accounting export but absent from production (usually externalRecordId collision).
ron:1067,accounting:BT.BIT 22,BT.BIT 22,FAN COURIER EXPRESS SRL,2017-03-13,13300.00,60396.63,,NONE,Present in newest accounting export but absent from production (usually externalRecordId collision).
ron:1069,accounting:BT.BIT 23,BT.BIT 23,FAN COURIER EXPRESS SRL,2017-03-13,,60565.54,,NONE,Present in newest accounting export but absent from production (usually externalRecordId collision).
ron:31488,accounting:BT.BIT 757,BT.BIT 757,FLASHNET S.A.,2024-12-16,3440.00,25671.86,RED-NIS-C-PEN-10,MEDIUM,Present in newest accounting export but absent from production (usually externalRecordId collision).
ron:352,accounting:BT.BIT 15,BT.BIT 15,SC GEORANKER SRL,2016-12-05,4200.00,18911.34,,NONE,Present in newest accounting export but absent from production (usually externalRecordId collision).
ron:2694,accounting:BT.BIT 49,BT.BIT 49,GHICA TATIANA-CRISTINA - CABINET INDIVIDUAL DE AVOCAT,2018-05-02,1120.00,5222.56,,NONE,Present in newest accounting export but absent from production (usually externalRecordId collision).
ron:3020,accounting:BT.BIT 61,BT.BIT 61,GHICA TATIANA-CRISTINA - CABINET INDIVIDUAL DE AVOCAT,2018-06-26,,2236.64,,NONE,Present in newest accounting export but absent from production (usually externalRecordId collision).
ron:57038,accounting:BT.R.BIT 259,BT.R.BIT 259,GRAFTEX PRODCOM SRL,2026-06-17,1100.00,5754.10,BLUE-MDR-C-6,HIGH,Present in newest accounting export but absent from production (usually externalRecordId collision).
ron:1431,accounting:BT.BIT 27,BT.BIT 27,GRUPUL EDITORIAL ART SRL,2017-06-27,,11923.00,,NONE,Present in newest accounting export but absent from production (usually externalRecordId collision).
ron:7534,accounting:BT.BIT 202,BT.BIT 202,GUMZZZ TECHNOLOGY S.R.L.,2020-06-18,1280.00,6194.43,,NONE,Present in newest accounting export but absent from production (usually externalRecordId collision).
ron:7563,accounting:BT.BIT 211,BT.BIT 211,GUMZZZ TECHNOLOGY S.R.L.,2020-07-13,1280.00,6194.43,,NONE,Present in newest accounting export but absent from production (usually externalRecordId collision).
valuta:57040,accounting:BT.R.BIT 260,BT.R.BIT 260,HERTZA L.L.C.,2026-06-17,4500.00,20290.95,RED-PEN-B-E-B-30,HIGH,Present in newest accounting export but absent from production (usually externalRecordId collision).
ron:4628,accounting:BT.BIT 103,BT.BIT 103,JAXABLE SRL,2019-04-10,1400.00,6665.54,,NONE,Present in newest accounting export but absent from production (usually externalRecordId collision).
ron:4908,accounting:BT.BIT 117,BT.BIT 117,JAXABLE SRL,2019-06-06,1400.00,9848.51,,NONE,Present in newest accounting export but absent from production (usually externalRecordId collision).
ron:6777,accounting:BT.BIT 181,BT.BIT 181,JAXABLE SRL,2020-03-03,2000.00,9614.80,,NONE,Present in newest accounting export but absent from production (usually externalRecordId collision).
ron:7015,accounting:BT.BIT 186,BT.BIT 186,JAXABLE SRL,2020-04-06,2000.00,9614.80,,NONE,Present in newest accounting export but absent from production (usually externalRecordId collision).
ron:7018,accounting:BT.BIT 187,BT.BIT 187,JAXABLE SRL,2020-04-06,5000.00,24140.00,,NONE,Present in newest accounting export but absent from production (usually externalRecordId collision).
ron:6779,accounting:BT.BIT 182,BT.BIT 182,JUMPEYE CREATIVE MEDIA SRL,2020-03-03,3200.00,15383.68,,NONE,Present in newest accounting export but absent from production (usually externalRecordId collision).
ron:7023,accounting:BT.BIT 189,BT.BIT 189,JUMPEYE CREATIVE MEDIA SRL,2020-04-15,2400.00,11602.80,,NONE,Present in newest accounting export but absent from production (usually externalRecordId collision).
ron:7339,accounting:BT.BIT 197,BT.BIT 197,JUMPEYE CREATIVE MEDIA SRL,2020-05-28,3200.00,11759.12,,NONE,Present in newest accounting export but absent from production (usually externalRecordId collision).
ron:7351,accounting:BT.BIT 200,BT.BIT 200,JUMPEYE CREATIVE MEDIA SRL,2020-06-02,750.00,3631.43,,NONE,Present in newest accounting export but absent from production (usually externalRecordId collision).
ron:9320,accounting:BT.BIT 257,BT.BIT 257,KAUFLAND ROMANIA SCS,2021-03-09,,62991.99,RED-PEN-B-I-B-50,LOW,Present in newest accounting export but absent from production (usually externalRecordId collision).
ron:4883,accounting:BT.BIT 110,BT.BIT 110,KEYSIGHT TECHNOLOGIES RO SRL,2019-05-28,,37128.78,KS-MM-RD-2,HIGH,Present in newest accounting export but absent from production (usually externalRecordId collision).
ron:4912,accounting:BT.BIT 118,BT.BIT 118,KEYSIGHT TECHNOLOGIES RO SRL,2019-06-07,13200.00,62281.56,KS-MM-RD-2,HIGH,Present in newest accounting export but absent from production (usually externalRecordId collision).
ron:5255,accounting:BT.BIT 127,BT.BIT 127,KEYSIGHT TECHNOLOGIES RO SRL,2019-08-06,12000.00,56727.60,KS-MM-RD-2,HIGH,Present in newest accounting export but absent from production (usually externalRecordId collision).
ron:5442,accounting:BT.BIT 136,BT.BIT 136,KEYSIGHT TECHNOLOGIES RO SRL,2019-09-04,13200.00,62405.64,KS-MM-RD-2,HIGH,Present in newest accounting export but absent from production (usually externalRecordId collision).
ron:5622,accounting:BT.BIT 142,BT.BIT 142,KEYSIGHT TECHNOLOGIES RO SRL,2019-10-04,12600.00,59865.12,KS-MM-RD-2,HIGH,Present in newest accounting export but absent from production (usually externalRecordId collision).
ron:5629,accounting:BT.BIT 146,BT.BIT 146,KEYSIGHT TECHNOLOGIES RO SRL,2019-10-30,,42749.10,KS-MM-RD-2,HIGH,Present in newest accounting export but absent from production (usually externalRecordId collision).
ron:5953,accounting:BT.BIT 153,BT.BIT 153,KEYSIGHT TECHNOLOGIES RO SRL,2019-12-04,,65937.78,KS-MM-RD-2,MEDIUM,Present in newest accounting export but absent from production (usually externalRecordId collision).
ron:6111,accounting:BT.BIT 155,BT.BIT 155,KEYSIGHT TECHNOLOGIES RO SRL,2019-12-16,10800.00,51599.16,KS-MM-RD-2,HIGH,Present in newest accounting export but absent from production (usually externalRecordId collision).
ron:6113,accounting:BT.BIT 156,BT.BIT 156,KEYSIGHT TECHNOLOGIES RO SRL,2019-12-16,9600.00,45865.92,KS-MM-RD-2,HIGH,Present in newest accounting export but absent from production (usually externalRecordId collision).
ron:6484,accounting:BT.BIT 179,BT.BIT 179,KEYSIGHT TECHNOLOGIES RO SRL,2020-03-02,,51601.32,,NONE,Present in newest accounting export but absent from production (usually externalRecordId collision).
ron:6775,accounting:BT.BIT 180,BT.BIT 180,KEYSIGHT TECHNOLOGIES RO SRL,2020-03-02,12000.00,57723.60,KS-MM-RD-2,HIGH,Present in newest accounting export but absent from production (usually externalRecordId collision).
ron:7009,accounting:BT.BIT 185,BT.BIT 185,KEYSIGHT TECHNOLOGIES RO SRL,2020-04-06,13800.00,66634.68,KS-MM-RD-2,HIGH,Present in newest accounting export but absent from production (usually externalRecordId collision).
ron:7207,accounting:BT.BIT 193,BT.BIT 193,KEYSIGHT TECHNOLOGIES RO SRL,2020-05-07,12000.00,57890.40,KS-MM-RD-2,HIGH,Present in newest accounting export but absent from production (usually externalRecordId collision).
ron:7349,accounting:BT.BIT 199,BT.BIT 199,KEYSIGHT TECHNOLOGIES RO SRL,2020-06-02,12000.00,58102.80,KS-MM-RD-2,HIGH,Present in newest accounting export but absent from production (usually externalRecordId collision).
ron:7553,accounting:BT.BIT 208,BT.BIT 208,KEYSIGHT TECHNOLOGIES RO SRL,2020-07-02,13200.00,63781.08,KS-MM-RD-2,HIGH,Present in newest accounting export but absent from production (usually externalRecordId collision).
ron:7813,accounting:BT.BIT 219,BT.BIT 219,KEYSIGHT TECHNOLOGIES RO SRL,2020-08-03,13800.00,66676.08,KS-MM-RD-2,HIGH,Present in newest accounting export but absent from production (usually externalRecordId collision).
ron:7993,accounting:BT.BIT 227,BT.BIT 227,KEYSIGHT TECHNOLOGIES RO SRL,2020-09-01,12600.00,60989.04,KS-MM-RD-2,HIGH,Present in newest accounting export but absent from production (usually externalRecordId collision).
ron:8234,accounting:BT.BIT 234,BT.BIT 234,KEYSIGHT TECHNOLOGIES RO SRL,2020-10-01,13200.00,64281.36,KS-MM-RD-2,HIGH,Present in newest accounting export but absent from production (usually externalRecordId collision).
ron:8384,accounting:BT.BIT 236,BT.BIT 236,KEYSIGHT TECHNOLOGIES RO SRL,2020-10-22,,60921.25,RED-PEN-S-WB-1,HIGH,Present in newest accounting export but absent from production (usually externalRecordId collision).
ron:8471,accounting:BT.BIT 238,BT.BIT 238,KEYSIGHT TECHNOLOGIES RO SRL,2020-11-02,13200.00,64340.76,KS-MM-RD-2,HIGH,Present in newest accounting export but absent from production (usually externalRecordId collision).
ron:8641,accounting:BT.BIT 242,BT.BIT 242,KEYSIGHT TECHNOLOGIES RO SRL,2020-12-03,12000.00,58465.20,KS-MM-RD-2,HIGH,Present in newest accounting export but absent from production (usually externalRecordId collision).
ron:8736,accounting:BT.BIT 245,BT.BIT 245,KEYSIGHT TECHNOLOGIES RO SRL,2020-12-14,10200.00,49704.60,KS-MM-RD-2,HIGH,Present in newest accounting export but absent from production (usually externalRecordId collision).
ron:9156,accounting:BT.BIT 249,BT.BIT 249,KEYSIGHT TECHNOLOGIES RO SRL,2021-02-01,12000.00,58491.60,KS-MM-RD-2,HIGH,Present in newest accounting export but absent from production (usually externalRecordId collision).
ron:9316,accounting:BT.BIT 255,BT.BIT 255,KEYSIGHT TECHNOLOGIES RO SRL,2021-03-02,11700.00,57030.48,KS-MM-RD-2,HIGH,Present in newest accounting export but absent from production (usually externalRecordId collision).
ron:57042,accounting:BT.R.BIT 261,BT.R.BIT 261,KEYSIGHT TECHNOLOGIES RO SRL,2026-06-17,6000.00,31386.00,KS-MM-RD-2,HIGH,Present in newest accounting export but absent from production (usually externalRecordId collision).
ron:58114,accounting:BT.R.BIT 309,BT.R.BIT 309,KEYSIGHT TECHNOLOGIES RO SRL,2026-07-21,6000.00,31457.40,KS-MM-RD-2,MEDIUM,Present in newest accounting export but absent from production (usually externalRecordId collision).
ron:7565,accounting:BT.BIT 212,BT.BIT 212,KNOXON TECHNOLOGIES S.R.L.,2020-07-13,1280.00,6197.50,,NONE,Present in newest accounting export but absent from production (usually externalRecordId collision).
ron:7823,accounting:BT.BIT 213,BT.BIT 213,KNOXON TECHNOLOGIES S.R.L.,2020-08-17,3200.00,15470.08,,NONE,Present in newest accounting export but absent from production (usually externalRecordId collision).
ron:7826,accounting:BT.BIT 214,BT.BIT 214,KNOXON TECHNOLOGIES S.R.L.,2020-08-17,1280.00,6197.50,,NONE,Present in newest accounting export but absent from production (usually externalRecordId collision).
ron:55278,accounting:BT.R.BIT 204,BT.R.BIT 204,LAMAJOLE S.R.L.,2026-04-29,344.25,1753.51,,NONE,Present in newest accounting export but absent from production (usually externalRecordId collision).
ron:57044,accounting:BT.R.BIT 262,BT.R.BIT 262,LAMAJOLE S.R.L.,2026-06-17,344.25,1800.77,,NONE,Present in newest accounting export but absent from production (usually externalRecordId collision).
ron:6486,accounting:BT.BIT 173,BT.BIT 173,MARES & MARES - SOCIETATE CIVILA DE AVOCATI,2020-02-04,2000.00,9557.60,,NONE,Present in newest accounting export but absent from production (usually externalRecordId collision).
ron:356,accounting:BT.BIT 17,BT.BIT 17,MARKETIZATOR FRIENDS SRL,2016-12-08,2750.00,12376.93,,NONE,Present in newest accounting export but absent from production (usually externalRecordId collision).
ron:2501,accounting:BT.BIT 44,BT.BIT 44,MEDIADAV SOLUTIONS SRL-D,2018-03-29,15000.00,69853.50,,NONE,Present in newest accounting export but absent from production (usually externalRecordId collision).
ron:2851,accounting:BT.BIT 53,BT.BIT 53,MEDIADAV SOLUTIONS SRL-D,2018-06-04,10000.00,46566.00,,NONE,Present in newest accounting export but absent from production (usually externalRecordId collision).
ron:3024,accounting:BT.BIT 62,BT.BIT 62,MEDIADAV SOLUTIONS SRL-D,2018-07-04,10000.00,46554.00,,NONE,Present in newest accounting export but absent from production (usually externalRecordId collision).
ron:3542,accounting:BT.BIT 70,BT.BIT 70,MEDIADAV SOLUTIONS SRL-D,2018-09-20,9000.00,41871.60,,NONE,Present in newest accounting export but absent from production (usually externalRecordId collision).
ron:7988,accounting:BT.BIT 226,BT.BIT 226,MOMENTUM LOGISTICS S.R.L.,2020-08-27,,1680.67,,NONE,Present in newest accounting export but absent from production (usually externalRecordId collision).
ron:2690,accounting:BT.BIT 48,BT.BIT 48,NETOPIA SRL,2018-04-24,2500.00,11640.75,,NONE,Present in newest accounting export but absent from production (usually externalRecordId collision).
ron:4630,accounting:BT.BIT 104,BT.BIT 104,NETOPIA SRL,2019-04-11,3150.00,14992.69,,NONE,Present in newest accounting export but absent from production (usually externalRecordId collision).
ron:7026,accounting:BT.BIT 190,BT.BIT 190,NETOPIA SRL,2020-04-21,3150.00,15233.40,,NONE,Present in newest accounting export but absent from production (usually externalRecordId collision).
ron:1723,accounting:BT.BIT 28,BT.BIT 28,OMNIASIG VIENNA INSURANCE GROUP S.A.,2017-07-26,,113235.00,,NONE,Present in newest accounting export but absent from production (usually externalRecordId collision).
ron:4395,accounting:BT.BIT 89,BT.BIT 89,OMNIASIG VIENNA INSURANCE GROUP S.A.,2019-02-25,11250.00,53571.37,,NONE,Present in newest accounting export but absent from production (usually externalRecordId collision).
ron:6119,accounting:BT.BIT 159,BT.BIT 159,OMNIASIG VIENNA INSURANCE GROUP S.A.,2019-12-11,4050.00,19356.57,,NONE,Present in newest accounting export but absent from production (usually externalRecordId collision).
ron:6195,accounting:BT.BIT 165,BT.BIT 165,OMNIASIG VIENNA INSURANCE GROUP S.A.,2019-12-18,4050.00,19356.57,,NONE,Present in newest accounting export but absent from production (usually externalRecordId collision).
ron:6197,accounting:BT.BIT 166,BT.BIT 166,OMNIASIG VIENNA INSURANCE GROUP S.A.,2019-12-18,10125.00,48366.11,,NONE,Present in newest accounting export but absent from production (usually externalRecordId collision).
ron:6982,accounting:BT.BIT 183,BT.BIT 183,OMNIASIG VIENNA INSURANCE GROUP S.A.,2020-03-10,7000.00,33719.00,,NONE,Present in newest accounting export but absent from production (usually externalRecordId collision).
ron:1743,accounting:BT.BIT 31,BT.BIT 31,OMNICONVERT SRL,2017-09-12,4900.00,22529.22,,NONE,Present in newest accounting export but absent from production (usually externalRecordId collision).
ron:2499,accounting:BT.BIT 43,BT.BIT 43,ONLINE VENUES & EVENTS SRL,2018-03-28,1500.00,6983.55,RED-PEN-S-B-1,HIGH,Present in newest accounting export but absent from production (usually externalRecordId collision).
ron:2853,accounting:BT.BIT 54,BT.BIT 54,ONLINE VENUES & EVENTS SRL,2018-06-04,1000.00,4656.60,RED-PEN-S-B-1,HIGH,Present in newest accounting export but absent from production (usually externalRecordId collision).
ron:3383,accounting:BT.BIT 66,BT.BIT 66,ONLINE VENUES & EVENTS SRL,2018-09-03,1000.00,4643.95,,NONE,Present in newest accounting export but absent from production (usually externalRecordId collision).
ron:3884,accounting:BT.BIT 78,BT.BIT 78,ONLINE VENUES & EVENTS SRL,2018-12-03,1000.00,4656.00,,NONE,Present in newest accounting export but absent from production (usually externalRecordId collision).
ron:9318,accounting:BT.BIT 256,BT.BIT 256,ONLINE VENUES & EVENTS SRL,2021-03-03,2200.00,10724.34,RED-PEN-S-B-1,HIGH,Present in newest accounting export but absent from production (usually externalRecordId collision).
ron:72,accounting:BT.BIT 10,BT.BIT 10,ORANGE ROMANIA SA,2016-04-12,4000.00,17867.20,ORO-TEM-DEV-50,MEDIUM,Present in newest accounting export but absent from production (usually externalRecordId collision).
ron:359,accounting:BT.BIT 18,BT.BIT 18,ORANGE ROMANIA SA,2016-12-20,3100.00,14010.14,ORO-TEM-DEV-50,MEDIUM,Present in newest accounting export but absent from production (usually externalRecordId collision).
ron:1741,accounting:BT.BIT 30,BT.BIT 30,ORANGE ROMANIA SA,2017-09-07,10000.00,45985.00,ORO-TEM-DEV-50,MEDIUM,Present in newest accounting export but absent from production (usually externalRecordId collision).
ron:2859,accounting:BT.BIT 56,BT.BIT 56,ORANGE ROMANIA SA,2018-06-07,15500.00,72095.15,ORO-TEM-DEV-100,LOW,Present in newest accounting export but absent from production (usually externalRecordId collision).
ron:3705,accounting:BT.BIT 72,BT.BIT 72,ORANGE ROMANIA SA,2018-10-18,24000.00,111979.20,ORO-TEM-DEV-200,MEDIUM,Present in newest accounting export but absent from production (usually externalRecordId collision).
ron:3877,accounting:BT.BIT 76,BT.BIT 76,ORANGE ROMANIA SA,2018-11-28,,46580.00,BLUE-IR-100,MEDIUM,Present in newest accounting export but absent from production (usually externalRecordId collision).
ron:4055,accounting:BT.BIT 82,BT.BIT 82,ORANGE ROMANIA SA,2018-12-21,3200.00,14911.36,ORO-TEM-DEV-50,MEDIUM,Present in newest accounting export but absent from production (usually externalRecordId collision).
ron:4891,accounting:BT.BIT 113,BT.BIT 113,ORANGE ROMANIA SA,2019-05-30,,91738.09,ORO-TEM-DEV-300,MEDIUM,Present in newest accounting export but absent from production (usually externalRecordId collision).
ron:5762,accounting:BT.BIT 145,BT.BIT 145,ORANGE ROMANIA SA,2019-10-20,7600.00,119365.56,,LOW,Present in newest accounting export but absent from production (usually externalRecordId collision).
ron:5935,accounting:BT.BIT 149,BT.BIT 149,ORANGE ROMANIA SA,2019-11-29,13000.00,294808.77,,NONE,Present in newest accounting export but absent from production (usually externalRecordId collision).
ron:7542,accounting:BT.BIT 205,BT.BIT 205,ORANGE ROMANIA SA,2020-06-26,23000.00,111370.60,CYBEREDU-SM-Y-100-12,MEDIUM,Present in newest accounting export but absent from production (usually externalRecordId collision).
ron:7810,accounting:BT.BIT 218,BT.BIT 218,ORANGE ROMANIA SA,2020-08-03,,81170.88,,LOW,Present in newest accounting export but absent from production (usually externalRecordId collision).
ron:7834,accounting:BT.BIT 223,BT.BIT 223,ORANGE ROMANIA SA,2020-08-20,18200.00,109858.92,,LOW,Present in newest accounting export but absent from production (usually externalRecordId collision).
ron:8225,accounting:BT.BIT 233,BT.BIT 233,ORANGE ROMANIA SA,2020-09-28,,85312.50,,NONE,Present in newest accounting export but absent from production (usually externalRecordId collision).
ron:8620,accounting:BT.BIT 239,BT.BIT 239,ORANGE ROMANIA SA,2020-11-18,5000.00,112076.66,ORO-TEM-L-10000,MEDIUM,Present in newest accounting export but absent from production (usually externalRecordId collision).
ron:2919,accounting:BT.BIT 58,BT.BIT 58,OTTER-DISTRIBUTION SRL,2018-06-18,1800.00,16798.32,,NONE,Present in newest accounting export but absent from production (usually externalRecordId collision).
ron:3888,accounting:BT.BIT 80,BT.BIT 80,OTTER-DISTRIBUTION SRL,2018-12-11,1800.00,25047.18,,NONE,Present in newest accounting export but absent from production (usually externalRecordId collision).
ron:8239,accounting:BT.BIT 235,BT.BIT 235,PENTESTTOOLS S.R.L.,2020-10-19,1500.00,7310.55,,NONE,Present in newest accounting export but absent from production (usually externalRecordId collision).
ron:8639,accounting:BT.BIT 241,BT.BIT 241,PENTESTTOOLS S.R.L.,2020-12-03,1500.00,7308.15,,NONE,Present in newest accounting export but absent from production (usually externalRecordId collision).
ron:9160,accounting:BT.BIT 250,BT.BIT 250,PINK POST OFFICE  SRL,2021-02-04,2400.00,11698.08,,NONE,Present in newest accounting export but absent from production (usually externalRecordId collision).
ron:7832,accounting:BT.BIT 222,BT.BIT 222,POWER SUPPORT SRL,2020-08-18,,462.18,,NONE,Present in newest accounting export but absent from production (usually externalRecordId collision).
ron:7986,accounting:BT.BIT 225,BT.BIT 225,POWER SUPPORT SRL,2020-08-26,,588.24,,NONE,Present in newest accounting export but absent from production (usually externalRecordId collision).
ron:7021,accounting:BT.BIT 188,BT.BIT 188,QUANTIC LAB S.R.L.,2020-04-09,960.00,4634.69,RED-PEN-B-E-B-50,HIGH,Present in newest accounting export but absent from production (usually externalRecordId collision).
ron:7030,accounting:BT.BIT 189,BT.BIT 189,QUANTIC LAB S.R.L.,2020-04-21,960.00,4634.69,RED-PEN-B-E-B-50,MEDIUM,Present in newest accounting export but absent from production (usually externalRecordId collision).
ron:7034,accounting:BT.BIT 191,BT.BIT 191,QUANTIC LAB S.R.L.,2020-04-21,2400.00,11606.40,RED-PEN-B-E-B-50,HIGH,Present in newest accounting export but absent from production (usually externalRecordId collision).
ron:3395,accounting:BT.BIT 69,BT.BIT 69,RATIONAL SOFTWARE CONSULTING SRL,2018-09-13,5000.00,23195.46,,NONE,Present in newest accounting export but absent from production (usually externalRecordId collision).
ron:3720,accounting:BT.BIT 74,BT.BIT 74,RATIONAL SOFTWARE CONSULTING SRL,2018-11-05,5000.00,23416.54,,NONE,Present in newest accounting export but absent from production (usually externalRecordId collision).
ron:4249,accounting:BT.BIT 86,BT.BIT 86,RATIONAL SOFTWARE CONSULTING SRL,2019-02-06,1200.00,5691.24,,NONE,Present in newest accounting export but absent from production (usually externalRecordId collision).
ron:4618,accounting:BT.BIT 102,BT.BIT 102,RATIONAL SOFTWARE CONSULTING SRL,2019-04-01,1200.00,5715.00,,NONE,Present in newest accounting export but absent from production (usually externalRecordId collision).
ron:4754,accounting:BT.BIT 108,BT.BIT 108,RATIONAL SOFTWARE CONSULTING SRL,2019-05-03,1200.00,5707.36,,NONE,Present in newest accounting export but absent from production (usually externalRecordId collision).
ron:4896,accounting:BT.BIT 114,BT.BIT 114,RATIONAL SOFTWARE CONSULTING SRL,2019-06-03,1200.00,5694.00,,NONE,Present in newest accounting export but absent from production (usually externalRecordId collision).
ron:5086,accounting:BT.BIT 126,BT.BIT 126,RATIONAL SOFTWARE CONSULTING SRL,2019-07-02,1200.00,5679.36,,NONE,Present in newest accounting export but absent from production (usually externalRecordId collision).
ron:5262,accounting:BT.BIT 129,BT.BIT 129,RATIONAL SOFTWARE CONSULTING SRL,2019-08-01,1200.00,5680.25,,NONE,Present in newest accounting export but absent from production (usually externalRecordId collision).
ron:5447,accounting:BT.BIT 134,BT.BIT 134,RATIONAL SOFTWARE CONSULTING SRL,2019-09-02,1200.00,5667.60,,NONE,Present in newest accounting export but absent from production (usually externalRecordId collision).
ron:5615,accounting:BT.BIT 139,BT.BIT 139,RATIONAL SOFTWARE CONSULTING SRL,2019-10-01,1200.00,5701.44,,NONE,Present in newest accounting export but absent from production (usually externalRecordId collision).
ron:5775,accounting:BT.BIT 147,BT.BIT 147,RATIONAL SOFTWARE CONSULTING SRL,2019-11-01,1200.00,5705.40,,NONE,Present in newest accounting export but absent from production (usually externalRecordId collision).
ron:5949,accounting:BT.BIT 152,BT.BIT 152,RATIONAL SOFTWARE CONSULTING SRL,2019-12-02,1200.00,5733.24,,NONE,Present in newest accounting export but absent from production (usually externalRecordId collision).
ron:69,accounting:BT.BIT 9,BT.BIT 9,RENANIA TRADE SRL,2016-04-12,10300.00,46008.04,,NONE,Present in newest accounting export but absent from production (usually externalRecordId collision).
ron:5273,accounting:BT.BIT 131,BT.BIT 131,RESTART ENERGY DEMOCRACY S.R.L.,2019-08-19,5400.00,25527.96,RED-PEN-S-WB-1,HIGH,Present in newest accounting export but absent from production (usually externalRecordId collision).
ron:5631,accounting:BT.BIT 143,BT.BIT 143,RESTART ENERGY DEMOCRACY S.R.L.,2019-10-04,5400.00,38574.09,RED-PEN-S-WB-1,HIGH,Present in newest accounting export but absent from production (usually externalRecordId collision).
ron:48158,accounting:BT.R.BIT 58,BT.R.BIT 58,S.I.E.P.C.O.F.A.R. SA,2025-11-26,1539.65,7835.28,,NONE,Present in newest accounting export but absent from production (usually externalRecordId collision).
ron:48160,accounting:BT.R.BIT 59,BT.R.BIT 59,S.I.E.P.C.O.F.A.R. SA,2025-11-26,1539.65,7835.28,,NONE,Present in newest accounting export but absent from production (usually externalRecordId collision).
ron:48238,accounting:BT.R.BIT 83,BT.R.BIT 83,S.I.E.P.C.O.F.A.R. SA,2025-11-26,1539.65,7835.28,,NONE,Present in newest accounting export but absent from production (usually externalRecordId collision).
ron:48240,accounting:BT.R.BIT 84,BT.R.BIT 84,S.I.E.P.C.O.F.A.R. SA,2025-11-26,1539.65,7835.28,,NONE,Present in newest accounting export but absent from production (usually externalRecordId collision).
ron:48166,accounting:BT.R.BIT 62,BT.R.BIT 62,SANVERO HEALTHCARE S.R.L.,2025-11-26,219.95,1119.33,,NONE,Present in newest accounting export but absent from production (usually externalRecordId collision).
ron:8220,accounting:BT.BIT 232,BT.BIT 232,SDL LANGUAGE WEAVER S.R.L.,2020-09-21,10500.00,51012.15,,NONE,Present in newest accounting export but absent from production (usually externalRecordId collision).
ron:273,accounting:BT.BIT 11,BT.BIT 11,SETY ROBOTICS SRL,2016-06-21,750.00,3399.75,,NONE,Present in newest accounting export but absent from production (usually externalRecordId collision).
ron:9173,accounting:BT.BIT 253,BT.BIT 253,SMARTDREAMERS SOCIETATE PE ACTIUNI,2021-02-22,1250.00,6093.19,,NONE,Present in newest accounting export but absent from production (usually externalRecordId collision).
ron:9322,accounting:BT.BIT 258,BT.BIT 258,SMARTDREAMERS SOCIETATE PE ACTIUNI,2021-03-16,1250.00,6118.31,,NONE,Present in newest accounting export but absent from production (usually externalRecordId collision).
ron:4902,accounting:BT.BIT 116,BT.BIT 116,SMS HIGHWAY SRL,2019-06-05,2360.00,11161.62,,NONE,Present in newest accounting export but absent from production (usually externalRecordId collision).
ron:4961,accounting:BT.BIT 122,BT.BIT 122,SMS HIGHWAY SRL,2019-06-25,2360.00,11161.62,,NONE,Present in newest accounting export but absent from production (usually externalRecordId collision).
ron:4963,accounting:BT.BIT 123,BT.BIT 123,SMS HIGHWAY SRL,2019-06-25,5900.00,27850.95,,NONE,Present in newest accounting export but absent from production (usually externalRecordId collision).
ron:363,accounting:BT.BIT 20,BT.BIT 20,SYNEVO ROMANIA SRL,2017-01-03,13600.00,61438.00,,NONE,Present in newest accounting export but absent from production (usually externalRecordId collision).
ron:7544,accounting:BT.BIT 206,BT.BIT 206,TELEKOM ROMANIA COMMUNICATIONS S.A.,2020-06-29,12000.00,58126.80,,NONE,Present in newest accounting export but absent from production (usually externalRecordId collision).
ron:7555,accounting:BT.BIT 209,BT.BIT 209,TELEKOM ROMANIA COMMUNICATIONS S.A.,2020-07-02,12000.00,58126.80,,NONE,Present in newest accounting export but absent from production (usually externalRecordId collision).
ron:7557,accounting:BT.BIT 210,BT.BIT 210,TELEKOM ROMANIA COMMUNICATIONS S.A.,2020-07-02,12000.00,58046.40,,NONE,Present in newest accounting export but absent from production (usually externalRecordId collision).
ron:8007,accounting:BT.BIT 230,BT.BIT 230,TELEKOM ROMANIA COMMUNICATIONS S.A.,2020-09-07,1600.00,27155.52,,NONE,Present in newest accounting export but absent from production (usually externalRecordId collision).
ron:8012,accounting:BT.BIT 231,BT.BIT 231,TELEKOM ROMANIA COMMUNICATIONS S.A.,2020-09-10,9500.00,46160.50,,NONE,Present in newest accounting export but absent from production (usually externalRecordId collision).
valuta:55403,accounting:BT.BIT 200,BT.BIT 200,"THE BRIEF, INC.",2026-04-30,350.00,1785.14,RED-PEN-B-E-B-5,HIGH,Present in newest accounting export but absent from production (usually externalRecordId collision).
ron:4632,accounting:BT.BIT 105,BT.BIT 105,TYPINGDNA SRL,2019-04-11,100.00,475.88,,NONE,Present in newest accounting export but absent from production (usually externalRecordId collision).
ron:7984,accounting:BT.BIT 224,BT.BIT 224,TYPINGDNA SRL,2020-08-26,500.00,2420.20,,NONE,Present in newest accounting export but absent from production (usually externalRecordId collision).
ron:8740,accounting:BT.BIT 246,BT.BIT 246,UNITED MEDIA SERVICES SRL,2020-12-14,6000.00,29238.00,RED-PEN-B-I-BP-50,HIGH,Present in newest accounting export but absent from production (usually externalRecordId collision).
valuta:55515,accounting:BT.BIT 203,BT.BIT 203,UNITED NATIONS DEVELOPMENT PROGRAMME,2026-05-21,4875.00,22024.76,CYBEREDU-RUN-EX-2,LOW,Present in newest accounting export but absent from production (usually externalRecordId collision).
ron:6479,accounting:BT.BIT 171,BT.BIT 171,UNIVERSUM APPS S.R.L.,2020-01-31,2375.00,11347.51,,NONE,Present in newest accounting export but absent from production (usually externalRecordId collision).
ron:6606,accounting:BT.BIT 175,BT.BIT 175,UNIVERSUM APPS S.R.L.,2020-02-18,2375.00,11340.15,,NONE,Present in newest accounting export but absent from production (usually externalRecordId collision).
ron:6989,accounting:BT.BIT 176,BT.BIT 176,UNIVERSUM APPS S.R.L.,2020-03-19,2375.00,23328.44,,NONE,Present in newest accounting export but absent from production (usually externalRecordId collision).
ron:3015,accounting:BT.BIT 59,BT.BIT 59,UP ROMANIA S.R.L.,2018-06-22,4000.00,18674.40,,NONE,Present in newest accounting export but absent from production (usually externalRecordId collision).
ron:4393,accounting:BT.BIT 88,BT.BIT 88,VIG MANAGEMENT SERVICE SRL,2019-02-25,3060.00,14571.41,,NONE,Present in newest accounting export but absent from production (usually externalRecordId collision).
ron:4439,accounting:BT.BIT 100,BT.BIT 100,VIG MANAGEMENT SERVICE SRL,2019-03-12,7650.00,36349.74,,NONE,Present in newest accounting export but absent from production (usually externalRecordId collision).
ron:4433,accounting:BT.BIT 98,BT.BIT 98,VIG MANAGEMENT SERVICE SRL,2019-03-12,3060.00,14571.41,,NONE,Present in newest accounting export but absent from production (usually externalRecordId collision).
ron:5758,accounting:BT.BIT 144,BT.BIT 144,VIG MANAGEMENT SERVICE SRL,2019-10-15,4000.00,19009.60,,NONE,Present in newest accounting export but absent from production (usually externalRecordId collision).
ron:6121,accounting:BT.BIT 160,BT.BIT 160,VIG MANAGEMENT SERVICE SRL,2019-12-11,2754.00,13162.47,,NONE,Present in newest accounting export but absent from production (usually externalRecordId collision).
ron:6199,accounting:BT.BIT 167,BT.BIT 167,VIG MANAGEMENT SERVICE SRL,2019-12-18,2754.00,13162.47,,NONE,Present in newest accounting export but absent from production (usually externalRecordId collision).
ron:6201,accounting:BT.BIT 168,BT.BIT 168,VIG MANAGEMENT SERVICE SRL,2019-12-18,6885.00,32888.96,,NONE,Present in newest accounting export but absent from production (usually externalRecordId collision).
ron:7421,accounting:BT.BIT 201,BT.BIT 201,VIVRE DECO S.A.,2020-06-17,1600.00,7737.60,,NONE,Present in newest accounting export but absent from production (usually externalRecordId collision).
ron:7567,accounting:BT.BIT 213,BT.BIT 213,VIVRE DECO S.A.,2020-07-15,4000.00,19373.20,,NONE,Present in newest accounting export but absent from production (usually externalRecordId collision).
ron:7571,accounting:BT.BIT 214,BT.BIT 214,VIVRE DECO S.A.,2020-07-15,1600.00,7737.60,,NONE,Present in newest accounting export but absent from production (usually externalRecordId collision).
ron:1055,accounting:BT.BIT 21,BT.BIT 21,VOX CARRIER SRL,2017-02-01,1100.00,4976.40,,NONE,Present in newest accounting export but absent from production (usually externalRecordId collision).
valuta:55502,accounting:BT.BIT 202,BT.BIT 202,WAC MALTA LTD.,2026-05-18,15487.50,80671.29,RED-PEN-B-E-B-35,HIGH,Present in newest accounting export but absent from production (usually externalRecordId collision).
valuta:57927,accounting:BT.BIT 205,BT.BIT 205,WAC MALTA LTD.,2026-06-30,15487.50,81200.96,RED-PEN-B-E-B-35,HIGH,Present in newest accounting export but absent from production (usually externalRecordId collision).
ron:4965,accounting:BT.BIT 124,BT.BIT 124,WHITE IMAGE LOYALTY SRL,2019-06-25,3000.00,14161.50,,NONE,Present in newest accounting export but absent from production (usually externalRecordId collision).
ron:5264,accounting:BT.BIT 128,BT.BIT 128,WHITE IMAGE LOYALTY SRL,2019-08-13,3000.00,18924.00,,NONE,Present in newest accounting export but absent from production (usually externalRecordId collision).
ron:47120,accounting:BT.R.BIT 970,BT.R.BIT 970,WHITE IMAGE LOYALTY SRL,2025-11-17,2950.00,14999.57,RED-PEN-B-E-B-10,HIGH,Present in newest accounting export but absent from production (usually externalRecordId collision).
ron:2052,accounting:BT.BIT 35,BT.BIT 35,ZIPPER SERVICES SRL,2017-12-20,4000.00,18510.40,RED-PEN-S-WB-1,MEDIUM,Present in newest accounting export but absent from production (usually externalRecordId collision).
ron:2317,accounting:BT.BIT 37,BT.BIT 37,ZIPPER SERVICES SRL,2018-01-18,4000.00,22240.97,RED-PEN-S-WB-1,MEDIUM,Present in newest accounting export but absent from production (usually externalRecordId collision).
ron:2410,accounting:BT.BIT 41,BT.BIT 41,ZIPPER SERVICES SRL,2018-03-07,6500.00,30287.40,RED-PEN-S-WB-1,MEDIUM,Present in newest accounting export but absent from production (usually externalRecordId collision).
ron:2493,accounting:BT.BIT 42,BT.BIT 42,ZIPPER SERVICES SRL,2018-03-22,6500.00,30328.35,,NONE,Present in newest accounting export but absent from production (usually externalRecordId collision).
ron:2503,accounting:BT.BIT 45,BT.BIT 45,ZIPPER SERVICES SRL,2018-03-29,6500.00,30328.35,RED-PEN-S-WB-1,MEDIUM,Present in newest accounting export but absent from production (usually externalRecordId collision).
ron:2505,accounting:BT.BIT 46,BT.BIT 46,ZIPPER SERVICES SRL,2018-04-04,1200.00,5591.76,RED-GDPR-10,MEDIUM,Present in newest accounting export but absent from production (usually externalRecordId collision).
ron:2846,accounting:BT.BIT 52,BT.BIT 52,ZIPPER SERVICES SRL,2018-05-28,800.00,3703.04,RED-GDPR-3,MEDIUM,Present in newest accounting export but absent from production (usually externalRecordId collision).
ron:2855,accounting:BT.BIT 55,BT.BIT 55,ZIPPER SERVICES SRL,2018-06-05,,920.00,RED-GDPR-10,MEDIUM,Present in newest accounting export but absent from production (usually externalRecordId collision).
ron:3017,accounting:BT.BIT 60,BT.BIT 60,ZIPPER SERVICES SRL,2018-06-22,1200.00,16817.52,RED-GDPR-10,MEDIUM,Present in newest accounting export but absent from production (usually externalRecordId collision).
ron:3032,accounting:BT.BIT 63,BT.BIT 63,ZIPPER SERVICES SRL,2018-07-20,1000.00,4654.90,RED-GDPR-2,LOW,Present in newest accounting export but absent from production (usually externalRecordId collision).
ron:3222,accounting:BT.BIT 64,BT.BIT 64,ZIPPER SERVICES SRL,2018-08-01,4500.00,20827.35,RED-GDPR-10,MEDIUM,Present in newest accounting export but absent from production (usually externalRecordId collision).
ron:3381,accounting:BT.BIT 65,BT.BIT 65,ZIPPER SERVICES SRL,2018-09-03,500.00,2322.00,RED-GDPR-10,MEDIUM,Present in newest accounting export but absent from production (usually externalRecordId collision).
ron:3387,accounting:BT.BIT 68,BT.BIT 68,ZIPPER SERVICES SRL,2018-09-03,800.00,3716.96,RED-GDPR-3,MEDIUM,Present in newest accounting export but absent from production (usually externalRecordId collision).
ron:4405,accounting:BT.BIT 94,BT.BIT 94,ZIPPER SERVICES SRL,2019-02-28,1350.00,6401.16,RED-GDPR-5,HIGH,Present in newest accounting export but absent from production (usually externalRecordId collision).
ron:4918,accounting:BT.BIT 121,BT.BIT 121,ZIPPER SERVICES SRL,2019-06-10,1350.00,6340.14,RED-GDPR-5,HIGH,Present in newest accounting export but absent from production (usually externalRecordId collision).
ron:5267,accounting:BT.BIT 129,BT.BIT 129,ZIPPER SERVICES SRL,2019-08-13,1350.00,6340.14,RED-GDPR-5,HIGH,Present in newest accounting export but absent from production (usually externalRecordId collision).
ron:5270,accounting:BT.BIT 130,BT.BIT 130,ZIPPER SERVICES SRL,2019-08-13,,6340.14,RED-GDPR-5,MEDIUM,Present in newest accounting export but absent from production (usually externalRecordId collision).
ron:7209,accounting:BT.BIT 194,BT.BIT 194,ZIPPER SERVICES SRL,2020-04-30,9500.00,45829.90,RED-PEN-S-WB-1,HIGH,Present in newest accounting export but absent from production (usually externalRecordId collision).