source,invoiceNumber,sourceId,organization,issueDate,currency,serviceText
ron,BT.BIT 128,5257,CONNECTIONS CONSULT SRL,2019-07-31,RON,SERVICII CONFORM ACT ADITIONAL NR.1 | LA CONTRACTUL NR.130/26.09.2018
ron,BT.BIT 128,5264,WHITE IMAGE LOYALTY SRL,2019-08-13,RON,STORNARE AVANS SERVICII CONFORM CONTRACT NR. 12/ 03.06.201 | stornare avans 3000 euro+TVA la cursul BNR | Storneaza factura BT.BIT 124 din 25.06.2019 | SERVICII CONFORM CONTRACT NR. 12/ 03.06.201 | 7000 euro+TVA la cursul BNR
ron,BT.BIT 129,5262,RATIONAL SOFTWARE CONSULTING SRL,2019-08-01,RON,SERVICII CONFORM CONTRACT NR. 139/13.09.2018 | 1200 euro+TVA la cursul BNR
ron,BT.BIT 129,5267,ZIPPER SERVICES SRL,2019-08-13,RON,STORNARE AVANS SERVICII FACTURA 94 | 1350 EURO+TVA reprezentand 50% | Storneaza factura BT.BIT 121 din 10.06.2019 | SERVICII CONFORM CONTRACT NR.142/18.02.2019 | 2700 euro+TVA la cursul BNR
ron,BT.BIT 176,6766,CREATIVE MEDIA DEVELOPMENT SRL,2020-02-27,RON,SERVICII CONFORM ACT ADITIONAL NR.3 LA CONTRACTUL 112 | ANEXA 9 ( 7.200 euro+TVA la cursul BNR)
ron,BT.BIT 176,6989,UNIVERSUM APPS S.R.L.,2020-03-19,RON,AVANS 25% SERVICII CONFORM CONTRACT 154/10.01.2020 | Storno fact.171/31.01.2020(2375 euro+TVA la cursul BNR | Storneaza factura BT.BIT 171 din 31.01.2020 | SERVICII CONFORM CONTRACT 154/10.01.2020 | Storno fact.175/18.02.2020( 2375 euro+TVA la cursul BNR reprezentand 25%) | SERVICII CONFORM CONTRACT 154/10.01.2020 | 9500 euro+TVA la cursul BNR
ron,BT.BIT 189,7023,JUMPEYE CREATIVE MEDIA SRL,2020-04-15,RON,SERVICII CONFORM CONTRACT NR. 154/ 30.01.2020 | 2400 euro +TVA la cursul BNR
ron,BT.BIT 189,7030,QUANTIC LAB S.R.L.,2020-04-21,RON,SERVICII CONFORM CONTRACT NR. V55/08.04.2020 | Stornare fact. 188/ 09.04.2020(Avans 960 euro +TVA la cursul BNR | Storneaza factura BT.BIT 188 din 09.04.2020
ron,BT.BIT 213,7567,VIVRE DECO S.A.,2020-07-15,RON,SERVICI CONFORM CONTRACT NR.162 DIN 03.06.2020 | 4000 euro+TVA la cursul BNR | Storneaza factura BT.BIT 201 din 17.06.2020
ron,BT.BIT 213,7823,KNOXON TECHNOLOGIES S.R.L.,2020-08-17,RON,SERVICII CONFORM CONTRACT NR. 166/ 10.07.2020 | 3200 euro+TVA la cursul BNR | Storneaza factura BT.BIT 212 din 13.07.2020
ron,BT.BIT 214,7571,VIVRE DECO S.A.,2020-07-15,RON,AVANS SERVICI CONFORM CONTRACT NR.162 DIN 03.06.2020 | STORNARE FACTURA 201/17/06/2020(1600 euro +TVA la cursul BNR | Storneaza factura BT.BIT 201 din 17.06.2020
ron,BT.BIT 214,7826,KNOXON TECHNOLOGIES S.R.L.,2020-08-17,RON,SERVICII CONFORM CONTRACT NR. 166/ 10.07.2020 | Storno fact.212 din 13072020(1280 euro+TVA la cursul BNR | Storneaza factura BT.BIT 212 din 13.07.2020
ron,BT.BIT 622,20815,ORANGE ROMANIA SA,2024-03-28,RON,"SERVICII CONFORM Nr Notificare O1224658, Nr PO | PenStest - METAPLAST SRL ,Nr Receptie 11005575(4500 euro +TVA la cursul BNR)"
ron,BT.BIT 622,21040,APAVITAL SA,2024-04-22,RON,SERVICII CONFORM articol 3.9 din Contract NR. 286/21.02.2024 | (numar de inregistrare 13352) Stornare factura 621/28.03.2024 | Storneaza factura BT.BIT 621 din 28.03.2024 | SERVICII CONFORM articol 3.9 din Contract NR. 286/21.02.2024 | numar de inregistrare 13352) - factura finala
ron,BT.BIT 757,30798,DONA. LOGISTICA S.A.,2024-12-03,RON,"SERVICII CONFORM CONTRACT NR. 296 / 06.08.2024 | 1.673,7 euro+TVA la cursul BNR"
ron,BT.BIT 757,31488,FLASHNET S.A.,2024-12-16,RON,Avans conform CONTRACT PENTRU PRESTAREA DE SERVICII DE TESTE | DE PENETRARE _NR. 317/30.10.2024_ (3440 EURO + TVA la cursul BNR) Stornare factura 756/03.12.2024 | Storneaza factura BT.BIT 756 din 03.12.2024 | SERVICII CONFORM CONTRACT PENTRU PRESTAREA DE SERVICII DE | TESTE DE PENETRARE _NR. 317/30.10.2024 ( 8.600 euro+TVA la cursul BNR)
ron,BT.R.BIT 970,47028,PRO TV SRL,2025-10-30,RON,Servicii conform COMANDA FERMA CC\_FIT 201PO0102881 | la CONTRACT-CADRU DE PRESTARI SERVICII NR. 315/24.10.2024 (3.600 euro+TVA la cursul BNR)
ron,BT.R.BIT 970,47120,WHITE IMAGE LOYALTY SRL,2025-11-17,RON,"SERVICII PUNCTUALE DE SECURITATE INFORMATICA | la CONTRACTUL NR. 367/14.10.2025 -Avans 50% conform ANEXA 1 ( 2.950 euro+TVA la cursul BNR) stornare factura 969/28.10.2025 de avans | Storneaza factura BT.R.BIT 969 din 28.10.2025 | SERVICII PUNCTUALE DE SECURITATE INFORMATICA | la CONTRACTUL NR. 367/14.10.2025 ( factura finala 5900 euro+TVA la cursul BNR 5,0847 lei)"
valuta,BT.BIT 194,25850,"WAYDEV,INC",2024-07-02,USD,SERVICII RECURENTE DE TIP MONITORIZARE SI | RASPUNS LA INCIDENTE DE SECURITATE INFORMATICA conform contract 182/15.02.2021
valuta,BT.BIT 194,53859,CARREFOUR SYSTEMES D'INFORMATION 0552 MASSY,2026-03-27,EUR,"_Réalisation _Cyber Security Services | - Quality Check - Pentests 2026, _Purchase Order: _6000843321 6.3.2026"
valuta,BT.BIT 195,25897,MEISTERLABS GMBH,2024-07-03,EUR,SERVICES ACCORDING TO the contract 293/28.05.2024
valuta,BT.BIT 195,53869,EUROPEUM,2026-03-27,EUR,"DDoS Stress Testing Services (advance) according with ANNEX | 1 - SPECIFIC CYBER SECURITY SERVICES, to FRAMEWORK SERVICE AGREEMENT NO. 394/11.3.2026"
valuta,BT.BIT 196,25974,TELIO NEDERLAND B.V.,2024-07-17,EUR,"SERVICES NO. 300/18.6.2024 | 50% of the total amount, i.e. EUR 4,537.50 will be paid as an advance"
valuta,BT.BIT 196,53972,CARREFOUR GLOBAL SOURCING ASIA LIMITED,2026-03-30,EUR,Penetration testing services accordingly | with SERVICE AGREEMENT from 7 October 2025
valuta,BT.BIT 197,26361,CREATOPY.INC,2024-07-29,EUR,"FRAMEWORK SERVICE AGREEMENT NO. 303/9.07.2024 | 50% of the total amount, i.e."
valuta,BT.BIT 197,54072,CARREFOUR BANQUE,2026-04-02,EUR,"F121\_Demande RSSI Pintests 2026 | Commande: 45000036157 17.03.2026, Livrasion: 31.12.2026"
valuta,BT.BIT 198,26404,"WAYDEV,INC",2024-07-31,EUR,"SERVICII 50% din suma, adica 6,187,5 Euro"
valuta,BT.BIT 198,54123,EUROPEUM,2026-04-14,EUR,"DDoS Stress Testing Services, difference of 50% according | SPECIFIC CYBER SECURITY SERVICES, to FRAMEWORK SERVICE AGREEMENT NO. 394/11.3.2026"
valuta,BT.BIT 199,26423,"WAYDEV,INC",2024-08-01,USD,SERVICII RECURENTE DE TIP MONITORIZARE SI | RASPUNS LA INCIDENTE DE SECURITATE INFORMATICA conform contract 182/15.02.2021
valuta,BT.BIT 199,54145,CARREFOUR SYSTEMES D'INFORMATION 0552 MASSY,2026-04-21,EUR,"Réalisation Pentest Cybersécurité - 2026 | - BITSENTINEL, Purchase order 6000880841 from 13.04.2026"
valuta,BT.BIT 200,26445,HERTZA L.L.C.,2024-08-01,USD,Services under Conform contract nr: No.295/5.06.2024 | iulie 2024
valuta,BT.BIT 200,55403,"THE BRIEF, INC.",2026-04-30,EUR,Retesting services according to | Service Agreement No. 303/9.07.2024
valuta,BT.BIT 201,26447,HERTZA L.L.C.,2024-08-01,USD,SERVICEServices under Conform contract nr: No.295/5.06.2024 | august 2024
valuta,BT.BIT 201,55446,ASTORMUELLER AG,2026-05-05,EUR,Recurrent information security services accordingly | with APPENDIX 2 to Cyber Security Services Agreement No. 290/24.04.2024
valuta,BT.BIT 202,26473,ASTORMUELLER AG,2024-08-07,EUR,SERVICES AGREEMENT | No. 290/24.04.2024 | Supplier Onboarding fee (one time) | Referinta proiect REF-recUMyKze2MqaQpnU-REF
valuta,BT.BIT 202,55502,WAC MALTA LTD.,2026-05-18,EUR,Advance amount accordingly with ANNEX 1 | - SPECIFIC CYBER SECURITY SERVICES to FRAMEWORK SERVICE AGREEMENT NO. 396/24.3.2026
valuta,BT.BIT 203,26476,"WAYDEV,INC",2024-08-07,EUR,"SERVICII 50% din suma, adica 6,187,5 Euro"
valuta,BT.BIT 203,55515,UNITED NATIONS DEVELOPMENT PROGRAMME,2026-05-21,USD,"EECC_JET_Organization of an interactive workshop during | Moldova Cybersecurity Forum( Notes PO Contract for the organization of an interactive workshop during Moldova Cybersecurity Forum 2026 Project: 01000952/JET, Purchase Order 10541584/11.05.2026"
valuta,BT.BIT 205,27336,"WAYDEV,INC",2024-09-02,USD,SERVICII RECURENTE DE TIP MONITORIZARE SI | RASPUNS LA INCIDENTE DE SECURITATE INFORMATICA conform contract 182/15.02.2021
valuta,BT.BIT 205,57927,WAC MALTA LTD.,2026-06-30,EUR,"The difference of 50%, Advance amount accordingly with | ANNEX 1 - SPECIFIC CYBER SECURITY SERVICES to FRAMEWORK SERVICE AGREEMENT NO. 396/24.3.2026"
valuta,BT.R.BIT 260,47026,THINK HUGE LTD,2025-10-30,USD,Difference invoicing for services according to ANNEX 1 | - SPECIFIC CYBER SECURITY SERVICES to FRAMEWORK SERVICE AGREEMENT NO. 363/26.9.2025
valuta,BT.R.BIT 260,57040,HERTZA L.L.C.,2026-06-17,USD,ADDENDUM NO. 2 FROM 28.04.2025 SERVICES AGREEMENT | Contract no. No.295/5.06.2024