organization,partNumber,trackerRow,milestone,expectedDate,dateSource,trackerAmount,contractRef,accountingStatus,trackerFacturatFlag,flagDiscrepancy,matchedInvoiceNumber,matchedInvoiceSource,matchedInvoiceDate,dateGapDays
123Formbuilder S.R.L.,RED-VA-I-B-100,168,final,2022-09-14,actual,1050.00,1/11.07.2022,PAST_UNMATCHED,Da,TRACKER_SAYS_BILLED_NOT_FOUND,,,,
SC ACCESA IT SYSTEMS S.R.L.,RED-PEN-B-I-B-30,153,final,2022-10-03,actual,2550.00,230/18.07.2022,PAST_UNMATCHED,Da,TRACKER_SAYS_BILLED_NOT_FOUND,,,,
SC ACCESA IT SYSTEMS S.R.L.,RED-PEN-B-I-B-30,880,final,2023-12-07,actual,4950.00,230/18.07.2022,PAST_UNMATCHED,Da,TRACKER_SAYS_BILLED_NOT_FOUND,,,,
ADM ROMANIA LOGISTICS S.R.L.,RED-NIS-C-AUDIT-100,867,avans,2023-09-05,actual,,272/28.08.2023,PAST_UNMATCHED,Da,TRACKER_SAYS_BILLED_NOT_FOUND,,,,
ADM ROMANIA LOGISTICS S.R.L.,RED-NIS-C-PEN-100,866,final,2023-11-17,actual,9000.00,272/28.08.2023,PAST_UNMATCHED,Da,TRACKER_SAYS_BILLED_NOT_FOUND,,,,
ADM ROMANIA LOGISTICS S.R.L.,RED-NIS-C-AUDIT-100,867,final,2023-11-17,actual,6500.00,272/28.08.2023,PAST_UNMATCHED,Da,TRACKER_SAYS_BILLED_NOT_FOUND,,,,
"ALLIANCE HEALTHCARE ROMANIA S.R.L.,",RED-NIS-C-PEN-100,129,final,2022-12-20,actual,6000.00,NR. 239/23.11.2022,PAST_UNMATCHED,Da,TRACKER_SAYS_BILLED_NOT_FOUND,,,,
"ALLIANCE HEALTHCARE ROMANIA S.R.L.,",RED-NIS-C-AUDIT-100,130,avans,2022-12-20,actual,1600.00,NR. 239/23.11.2022,PAST_UNMATCHED,N/A,,,,,
"ALLIANCE HEALTHCARE ROMANIA S.R.L.,",RED-NIS-C-AUDIT-100,130,final,2022-12-20,actual,2400.00,NR. 239/23.11.2022,PAST_UNMATCHED,Da,TRACKER_SAYS_BILLED_NOT_FOUND,,,,
Amber Studio SA,RED-PEN-B-E-B-15,864,final,2023-09-15,actual,4950.00,269/05.07.2023,PAST_UNMATCHED,Da,TRACKER_SAYS_BILLED_NOT_FOUND,,,,
AMETHYST RADIOTERAPIA ALBA IULIA S.A.,RED-NIS-C-PEN-200,120,final,2022-12-14,actual,1150.00,150/28.11.2022,PAST_UNMATCHED,Da,TRACKER_SAYS_BILLED_NOT_FOUND,,,,
Apa Service S.A.,RED-NIS-C-AUDIT-100,1310,final,2024-09-06,actual,4500.00,NR. 299/17.6.2024,PAST_UNMATCHED,Da,TRACKER_SAYS_BILLED_NOT_FOUND,,,,
APAVITAL SA,RED-NIS-C-PEN-100,987,final,2024-04-22,actual,2037.00,NR. 286/21.02.2024,PAST_UNMATCHED,Da,TRACKER_SAYS_BILLED_NOT_FOUND,,,,
APAVITAL SA,RED-NIS-C-AUDIT-100,988,final,2024-04-22,actual,5500.00,NR. 286/21.02.2024,PAST_UNMATCHED,Da,TRACKER_SAYS_BILLED_NOT_FOUND,,,,
AQUILA PART PROD COM S.A.,RED-PEN-B-E-B-25,931,avans,2024-01-17,actual,3564.00,contract cadru cu diverse servicii de securitate,PAST_UNMATCHED,Da,TRACKER_SAYS_BILLED_NOT_FOUND,,,,
AQUILA PART PROD COM S.A.,RED-PEN-B-I-B-50,930,final,2024-02-09,actual,8019.00,contract cadru cu diverse servicii de securitate,PAST_UNMATCHED,Da,TRACKER_SAYS_BILLED_NOT_FOUND,,,,
AQUILA PART PROD COM S.A.,RED-PEN-B-E-B-25,931,final,2024-02-09,actual,5346.00,contract cadru cu diverse servicii de securitate,PAST_UNMATCHED,Da,TRACKER_SAYS_BILLED_NOT_FOUND,,,,
ART & CRAFT DESIGN SRL,BLUE-MDR-C-6,1406,final,2026-08-05,estimated,400.00,Contract cadru de prestari servicii nr. 335 din 31.3.2025,UPCOMING,Nu,,,,,
ART & CRAFT DESIGN SRL,BLUE-MDR-C-6,1407,final,2026-09-05,estimated,400.00,Contract cadru de prestari servicii nr. 335 din 31.3.2025,UPCOMING,Nu,,,,,
ART & CRAFT DESIGN SRL,BLUE-MDR-C-6,1408,final,2026-10-05,estimated,400.00,Contract cadru de prestari servicii nr. 335 din 31.3.2025,UPCOMING,Nu,,,,,
ART & CRAFT DESIGN SRL,BLUE-MDR-C-6,1409,final,2026-11-05,estimated,400.00,Contract cadru de prestari servicii nr. 335 din 31.3.2025,UPCOMING,Nu,,,,,
ART & CRAFT DESIGN SRL,BLUE-MDR-C-6,1410,final,2026-12-05,estimated,400.00,Contract cadru de prestari servicii nr. 335 din 31.3.2025,UPCOMING,Nu,,,,,
ART & CRAFT DESIGN SRL,BLUE-MDR-C-6,1411,final,2027-01-05,estimated,400.00,Contract cadru de prestari servicii nr. 335 din 31.3.2025,UPCOMING,Nu,,,,,
ART & CRAFT DESIGN SRL,BLUE-MDR-C-6,1412,final,2027-02-05,estimated,400.00,Contract cadru de prestari servicii nr. 335 din 31.3.2025,UPCOMING,Nu,,,,,
ART & CRAFT DESIGN SRL,BLUE-MDR-C-6,1413,final,2027-03-05,estimated,400.00,Contract cadru de prestari servicii nr. 335 din 31.3.2025,UPCOMING,Nu,,,,,
ASSET TOKENIZATION SERVICES OU,RED-PEN-S-WB-1,30,final,2021-09-16,estimated,6188.00,199/02.08.2021,PAST_UNMATCHED,Nu,,,,,
SC ASSIST Software SRL,CYBEREDU-DEV-T-1,186,final,2023-02-10,actual,300.00,107/22.03.2022,PAST_UNMATCHED,Da,TRACKER_SAYS_BILLED_NOT_FOUND,,,,
AstorMueller AG,BLUE-IR-OC-6,1032,final,2024-08-07,actual,1410.00,No. 290/24.04.2024,PAST_UNMATCHED,Da,TRACKER_SAYS_BILLED_NOT_FOUND,,,,
AstorMueller AG,BLUE-IR-OC-6,1033,final,2024-08-07,actual,1410.00,No. 290/24.04.2024,PAST_UNMATCHED,Da,TRACKER_SAYS_BILLED_NOT_FOUND,,,,
AstorMueller AG,BLUE-IR-OC-6,1034,final,2024-08-07,actual,1410.00,No. 290/24.04.2024,PAST_UNMATCHED,Da,TRACKER_SAYS_BILLED_NOT_FOUND,,,,
AstorMueller AG,BLUE-IR-OC-6,1035,final,2024-08-07,actual,1410.00,No. 290/24.04.2024,PAST_UNMATCHED,Da,TRACKER_SAYS_BILLED_NOT_FOUND,,,,
AstorMueller AG,BLUE-IR-OC-6,1036,final,2024-08-07,actual,1410.00,No. 290/24.04.2024,PAST_UNMATCHED,Da,TRACKER_SAYS_BILLED_NOT_FOUND,,,,
AstorMueller AG,BLUE-IR-OC-6,1037,final,2024-08-07,actual,1410.00,No. 290/24.04.2024,PAST_UNMATCHED,Da,TRACKER_SAYS_BILLED_NOT_FOUND,,,,
AstorMueller AG,BLUE-IR-OC-6,1038,final,2024-08-07,actual,1410.00,No. 290/24.04.2024,PAST_UNMATCHED,Da,TRACKER_SAYS_BILLED_NOT_FOUND,,,,
AstorMueller AG,BLUE-IR-OC-6,1039,final,2024-08-07,actual,1410.00,No. 290/24.04.2024,PAST_UNMATCHED,Da,TRACKER_SAYS_BILLED_NOT_FOUND,,,,
AstorMueller AG,BLUE-IR-OC-6,1040,final,2024-08-07,actual,1410.00,No. 290/24.04.2024,PAST_UNMATCHED,Da,TRACKER_SAYS_BILLED_NOT_FOUND,,,,
AstorMueller AG,BLUE-IR-OC-6,1041,final,2024-08-07,actual,1410.00,No. 290/24.04.2024,PAST_UNMATCHED,Da,TRACKER_SAYS_BILLED_NOT_FOUND,,,,
CAPITAL FINANCIAL SERVICES SA,RED-VA-E-B-100,475,final,2023-07-04,actual,600.00,262/05.04.2023,PAST_UNMATCHED,Da,TRACKER_SAYS_BILLED_NOT_FOUND,,,,
CAPITAL FINANCIAL SERVICES SA,RED-VA-E-B-100,479,final,2023-10-12,estimated,600.00,nr 1 12.10.2023,PAST_UNMATCHED,Da,TRACKER_SAYS_BILLED_NOT_FOUND,,,,
CAPITAL FINANCIAL SERVICES SA,RED-PEN-B-E,478,final,2023-11-01,actual,6200.00,nr 1 12.10.2023,PAST_UNMATCHED,Da,TRACKER_SAYS_BILLED_NOT_FOUND,,,,
CAPITAL FINANCIAL SERVICES SA,RED-VA-E-B-100,480,final,2024-09-01,actual,10000.00,nr 2 09.08.2024,PAST_UNMATCHED,Da,TRACKER_SAYS_BILLED_NOT_FOUND,,,,
CAUCASUS UNIVERSITY,CYBEREDU-SM-Y-100-12,850,final,2021-10-19,actual,2000.00,order form 1,PAST_UNMATCHED,Da,TRACKER_SAYS_BILLED_NOT_FOUND,,,,
CAUCASUS UNIVERSITY,CYBEREDU-SM-Y-100-12,851,final,2022-09-26,actual,2000.00,order form 2,PAST_UNMATCHED,Da,TRACKER_SAYS_BILLED_NOT_FOUND,,,,
CERTSIGN SA,RED-PEN-B-I-BP-10,73,final,2023-12-11,actual,7400.00,263,PAST_UNMATCHED,Da,TRACKER_SAYS_BILLED_NOT_FOUND,,,,
CEZ VANZARE S.A.,RED-NIS-C-AUDIT-58,86,final,2022-12-15,actual,3500.00,Nr. N26 din data de 22.09.2022,PAST_UNMATCHED,Da,TRACKER_SAYS_BILLED_NOT_FOUND,,,,
Comisia Europeana - ECYBRIDGE,CYBEREDU-GRANTS,872,final,2024-07-07,actual,108204.00,101158784,PAST_UNMATCHED,Da,TRACKER_SAYS_BILLED_NOT_FOUND,,,,
Comisia Europeana - ECYBRIDGE,CYBEREDU-GRANTS,873,final,2026-07-05,estimated,27151.00,101158784,PAST_UNMATCHED,Nu,,,,,
Comisia Europeana - UMC,CYBEREDU-GRANTS,870,final,2023-10-15,actual,293843.00,101128088/11/08/2023,PAST_UNMATCHED,Da,TRACKER_SAYS_BILLED_NOT_FOUND,,,,
Comisia Europeana - UMC,CYBEREDU-GRANTS,871,final,2026-07-05,estimated,73461.00,101128088/11/08/2023,PAST_UNMATCHED,Nu,,,,,
Compania Națională de Investiții S.A.,RED-PEN-B-I-B-20,1497,final,2025-09-22,actual,13702.00,CONTRACT-CADRU DE PRESTĂRI SERVICII Nr. 356/14.8.2025,PAST_UNMATCHED,Da,TRACKER_SAYS_BILLED_NOT_FOUND,,,,
CUSTIFY SRL,RED-PEN-S-WB-1,205,final,2021-06-06,actual,2760.00,191/17.05.2021,PAST_UNMATCHED,Da,TRACKER_SAYS_BILLED_NOT_FOUND,,,,
CUSTIFY SRL,RED-PEN-S-WB-1,208,final,2024-09-10,actual,3300.00,223/17.05.2022,PAST_UNMATCHED,Da,TRACKER_SAYS_BILLED_NOT_FOUND,,,,
CUSTIFY SRL,RED-PEN-B-E-B-14,209,final,2025-09-30,actual,4080.00,223/17.05.2022,PAST_UNMATCHED,Da,TRACKER_SAYS_BILLED_NOT_FOUND,,,,
Digitize Tech S.R.L.,RED-VA-I-B-100,1527,final,2025-11-26,actual,800.00,Contract de furnizare servicii DT25090101/1.9.2025,PAST_UNMATCHED,Da,TRACKER_SAYS_BILLED_NOT_FOUND,,,,
Digitize Tech S.R.L.,RED-VA-I-B-100,1528,final,2025-12-23,actual,800.00,Contract de furnizare servicii DT25090101/1.9.2025,PAST_UNMATCHED,Da,TRACKER_SAYS_BILLED_NOT_FOUND,,,,
Digitize Tech S.R.L.,RED-VA-I-B-100,1529,final,2026-01-20,actual,800.00,Contract de furnizare servicii DT25090101/1.9.2025,PAST_UNMATCHED,Da,TRACKER_SAYS_BILLED_NOT_FOUND,,,,
Digitize Tech S.R.L.,RED-VA-I-B-100,1530,final,2026-02-13,actual,800.00,Contract de furnizare servicii DT25090101/1.9.2025,PAST_UNMATCHED,Da,TRACKER_SAYS_BILLED_NOT_FOUND,,,,
Digitize Tech S.R.L.,RED-VA-I-B-100,1531,final,2026-03-20,actual,800.00,Contract de furnizare servicii DT25090101/1.9.2025,PAST_UNMATCHED,Da,TRACKER_SAYS_BILLED_NOT_FOUND,,,,
Digitize Tech S.R.L.,RED-VA-I-B-100,1532,final,2026-04-29,actual,800.00,Contract de furnizare servicii DT25090101/1.9.2025,PAST_UNMATCHED,Da,TRACKER_SAYS_BILLED_NOT_FOUND,,,,
Digitize Tech S.R.L.,RED-VA-I-B-100,1533,final,2026-05-25,actual,800.00,Contract de furnizare servicii DT25090101/1.9.2025,PAST_UNMATCHED,Da,TRACKER_SAYS_BILLED_NOT_FOUND,,,,
Digitize Tech S.R.L.,RED-VA-I-B-100,1534,final,2026-06-19,actual,800.00,Contract de furnizare servicii DT25090101/1.9.2025,PAST_UNMATCHED,Da,TRACKER_SAYS_BILLED_NOT_FOUND,,,,
Digitize Tech S.R.L.,RED-VA-I-B-100,1535,final,2026-07-05,estimated,800.00,Contract de furnizare servicii DT25090101/1.9.2025,PAST_UNMATCHED,Nu,,,,,
Digitize Tech S.R.L.,BLUE-MDR-C-10,1512,final,2026-08-05,estimated,1700.00,Contract de furnizare servicii DT25090101/1.9.2025,UPCOMING,Nu,,,,,
Digitize Tech S.R.L.,RED-VA-I-B-100,1536,final,2026-08-05,estimated,800.00,Contract de furnizare servicii DT25090101/1.9.2025,UPCOMING,Nu,,,,,
Digitize Tech S.R.L.,BLUE-MDR-C-10,1513,final,2026-09-05,estimated,1700.00,Contract de furnizare servicii DT25090101/1.9.2025,UPCOMING,Nu,,,,,
Digitize Tech S.R.L.,RED-VA-I-B-100,1537,final,2026-09-05,estimated,800.00,Contract de furnizare servicii DT25090101/1.9.2025,UPCOMING,Nu,,,,,
Digitize Tech S.R.L.,BLUE-MDR-C-10,1514,final,2026-10-05,estimated,1700.00,Contract de furnizare servicii DT25090101/1.9.2025,UPCOMING,Nu,,,,,
Digitize Tech S.R.L.,RED-VA-I-B-100,1538,final,2026-10-05,estimated,800.00,Contract de furnizare servicii DT25090101/1.9.2025,UPCOMING,Nu,,,,,
Digitize Tech S.R.L.,BLUE-MDR-C-10,1515,final,2026-11-05,estimated,1700.00,Contract de furnizare servicii DT25090101/1.9.2025,UPCOMING,Nu,,,,,
Digitize Tech S.R.L.,RED-VA-I-B-100,1539,final,2026-11-05,estimated,800.00,Contract de furnizare servicii DT25090101/1.9.2025,UPCOMING,Nu,,,,,
Digitize Tech S.R.L.,BLUE-MDR-C-10,1516,final,2026-12-05,estimated,1700.00,Contract de furnizare servicii DT25090101/1.9.2025,UPCOMING,Nu,,,,,
Digitize Tech S.R.L.,RED-VA-I-B-100,1540,final,2026-12-05,estimated,800.00,Contract de furnizare servicii DT25090101/1.9.2025,UPCOMING,Nu,,,,,
Digitize Tech S.R.L.,BLUE-MDR-C-10,1517,final,2027-01-05,estimated,1700.00,Contract de furnizare servicii DT25090101/1.9.2025,UPCOMING,Nu,,,,,
Digitize Tech S.R.L.,RED-VA-I-B-100,1541,final,2027-01-05,estimated,800.00,Contract de furnizare servicii DT25090101/1.9.2025,UPCOMING,Nu,,,,,
Digitize Tech S.R.L.,BLUE-MDR-C-10,1518,final,2027-02-05,estimated,1700.00,Contract de furnizare servicii DT25090101/1.9.2025,UPCOMING,Nu,,,,,
Digitize Tech S.R.L.,RED-VA-I-B-100,1542,final,2027-02-05,estimated,800.00,Contract de furnizare servicii DT25090101/1.9.2025,UPCOMING,Nu,,,,,
Digitize Tech S.R.L.,BLUE-MDR-C-10,1519,final,2027-03-05,estimated,1700.00,Contract de furnizare servicii DT25090101/1.9.2025,UPCOMING,Nu,,,,,
Digitize Tech S.R.L.,RED-VA-I-B-100,1543,final,2027-03-05,estimated,800.00,Contract de furnizare servicii DT25090101/1.9.2025,UPCOMING,Nu,,,,,
Digitize Tech S.R.L.,BLUE-MDR-C-10,1520,final,2027-04-05,estimated,1700.00,Contract de furnizare servicii DT25090101/1.9.2025,UPCOMING,Nu,,,,,
Digitize Tech S.R.L.,RED-VA-I-B-100,1544,final,2027-04-05,estimated,800.00,Contract de furnizare servicii DT25090101/1.9.2025,UPCOMING,Nu,,,,,
Digitize Tech S.R.L.,BLUE-MDR-C-10,1521,final,2027-05-05,estimated,1700.00,Contract de furnizare servicii DT25090101/1.9.2025,UPCOMING,Nu,,,,,
Digitize Tech S.R.L.,RED-VA-I-B-100,1545,final,2027-05-05,estimated,800.00,Contract de furnizare servicii DT25090101/1.9.2025,UPCOMING,Nu,,,,,
Digitize Tech S.R.L.,BLUE-MDR-C-10,1522,final,2027-06-05,estimated,1700.00,Contract de furnizare servicii DT25090101/1.9.2025,UPCOMING,Nu,,,,,
Digitize Tech S.R.L.,RED-VA-I-B-100,1546,final,2027-06-05,estimated,800.00,Contract de furnizare servicii DT25090101/1.9.2025,UPCOMING,Nu,,,,,
Digitize Tech S.R.L.,BLUE-MDR-C-10,1523,final,2027-07-05,estimated,1700.00,Contract de furnizare servicii DT25090101/1.9.2025,UPCOMING,Nu,,,,,
Digitize Tech S.R.L.,RED-VA-I-B-100,1547,final,2027-07-05,estimated,800.00,Contract de furnizare servicii DT25090101/1.9.2025,UPCOMING,Nu,,,,,
Digitize Tech S.R.L.,BLUE-MDR-C-10,1524,final,2027-08-05,estimated,1700.00,Contract de furnizare servicii DT25090101/1.9.2025,UPCOMING,Nu,,,,,
Digitize Tech S.R.L.,RED-VA-I-B-100,1548,final,2027-08-05,estimated,800.00,Contract de furnizare servicii DT25090101/1.9.2025,UPCOMING,Nu,,,,,
Digitize Tech S.R.L.,BLUE-MDR-C-10,1525,final,2027-09-05,estimated,1700.00,Contract de furnizare servicii DT25090101/1.9.2025,UPCOMING,Nu,,,,,
Digitize Tech S.R.L.,RED-VA-I-B-100,1549,final,2027-09-05,estimated,800.00,Contract de furnizare servicii DT25090101/1.9.2025,UPCOMING,Nu,,,,,
DISTRIBUTIE ENERGIE OLTENIA SA,RED-NIS-C-AUDIT-100,107,final,2022-12-16,actual,3000.00,60.1.DJ. 223281.0-0 din data de 19.08.2022,PAST_UNMATCHED,Da,TRACKER_SAYS_BILLED_NOT_FOUND,,,,
DISTRIBUTIE ENERGIE OLTENIA SA,RED-NIS-C-AUDIT-100,109,final,2024-12-18,actual,2200.00,Nr. 60.1.DJ.244627.0-0 din data de 11.09.2024,PAST_UNMATCHED,Da,TRACKER_SAYS_BILLED_NOT_FOUND,,,,
Societatea DONA. CARGO S.A,RED-NIS-C-PEN-300,793,avans,2023-05-17,actual,0.00,264/04.05.2023,PAST_UNMATCHED,Da,TRACKER_SAYS_BILLED_NOT_FOUND,,,,
Societatea DONA. LOGISTICA S.A,RED-NIS-C-AUDIT-300,796,final,2023-08-28,actual,4100.00,264/04.05.2023,PAST_UNMATCHED,Da,TRACKER_SAYS_BILLED_NOT_FOUND,,,,
ECHINOX EVALUARI SRL,RED-VA-I-P-10,779,final,2022-01-25,actual,0.00,209/17.01.2022,PAST_UNMATCHED,Da,TRACKER_SAYS_BILLED_NOT_FOUND,,,,
ECHINOX EVALUARI SRL,RED-VA-I-P-10,778,final,2023-03-20,actual,0.00,209/17.01.2022,PAST_UNMATCHED,Da,TRACKER_SAYS_BILLED_NOT_FOUND,,,,
EUROPEAN DIGITAL EXCHANGE S.A.,RED-AUDIT-A-9,112,final,2022-12-30,actual,8500.00,21/ 01.09.2022,PAST_UNMATCHED,Da,TRACKER_SAYS_BILLED_NOT_FOUND,,,,
EUROPEAN UNION AGENCY FOR NETWORK AND INFORMATION SECURITY,CYBEREDU-DEV-EX-10,188,final,2021-10-25,actual,14400.00,ENISA/2021/186,PAST_UNMATCHED,Da,TRACKER_SAYS_BILLED_NOT_FOUND,,,,
EUROPEAN UNION AGENCY FOR NETWORK AND INFORMATION SECURITY,CYBEREDU-DEV-EX-10,189,final,2022-06-20,actual,14400.00,ENISA/2022/165,PAST_UNMATCHED,Da,TRACKER_SAYS_BILLED_NOT_FOUND,,,,
EUROPEAN UNION AGENCY FOR NETWORK AND INFORMATION SECURITY,CYBEREDU-MISC,878,final,2023-10-30,actual,8999.00,2023/275,PAST_UNMATCHED,Da,TRACKER_SAYS_BILLED_NOT_FOUND,,,,
EUROPEAN UNION AGENCY FOR NETWORK AND INFORMATION SECURITY,BLUE-IR-OC-6,190,final,2025-09-16,actual,11082.00,"SUBCONTRACTING AGREEMENT no. 45/B77A/25075.02 dated 27.05.2025  Contractor signing SC No. 1 M-OSU-25-C91_RO to the Framework Service Contract ref: ENISA/2024/OP/0005 LOT 23, INT REF NUMBER: ENISA F-OCU-24-C10 LOT 23 with the Contracting Authority, The European Union Agency for Cybersecurity (ENISA), for Supporting ENISA in the provision of Incident Response Services in Romania",PAST_UNMATCHED,Da,TRACKER_SAYS_BILLED_NOT_FOUND,,,,
EUROPEAN UNION AGENCY FOR NETWORK AND INFORMATION SECURITY,CYBEREDU-RUN-EX-19,191,final,2025-11-03,actual,31753.00,,PAST_UNMATCHED,Da,TRACKER_SAYS_BILLED_NOT_FOUND,,,,
EUROPEAN UNION AGENCY FOR NETWORK AND INFORMATION SECURITY,CYBEREDU-MISC,192,final,2025-12-23,actual,9318.00,,PAST_UNMATCHED,Da,TRACKER_SAYS_BILLED_NOT_FOUND,,,,
EUROPEAN UNION AGENCY FOR NETWORK AND INFORMATION SECURITY,CYBEREDU-MISC,193,final,2026-01-30,actual,37872.00,,PAST_UNMATCHED,Da,TRACKER_SAYS_BILLED_NOT_FOUND,,,,
EWIND S.R.L.,RED-NIS-C-PEN-100,846,avans,2023-03-02,actual,3600.00,255/25.01.2023,PAST_UNMATCHED,Da,TRACKER_SAYS_BILLED_NOT_FOUND,,,,
EWIND S.R.L.,RED-NIS-C-PEN-100,846,final,2023-06-30,actual,5400.00,255/25.01.2023,PAST_UNMATCHED,Da,TRACKER_SAYS_BILLED_NOT_FOUND,,,,
EWIND S.R.L.,RED-NIS-C-AUDIT-100,847,final,2023-06-30,actual,4500.00,255/25.01.2023,PAST_UNMATCHED,Da,TRACKER_SAYS_BILLED_NOT_FOUND,,,,
FARMACEUTICA ARGESFARM SA,RED-NIS-C-AUDIT-100,836,avans,2023-05-12,actual,1190.00,235/20.04.2023,PAST_UNMATCHED,Da,TRACKER_SAYS_BILLED_NOT_FOUND,,,,
Farmec S.A.,RED-PEN-B-E-B-5,932,final,2024-01-31,actual,4095.00,contract cadru cu diverse servicii de securitate 283/22.01.2024,PAST_UNMATCHED,Da,TRACKER_SAYS_BILLED_NOT_FOUND,,,,
Farmec S.A.,BLUE-IR-5,941,final,2024-03-01,actual,2500.00,contract cadru cu diverse servicii de securitate 283/22.01.2024,PAST_UNMATCHED,Da,TRACKER_SAYS_BILLED_NOT_FOUND,,,,
FILDAS TRADING SRL,RED-NIS-C-AUDIT-100,834,avans,2023-05-12,actual,1442.00,257/20.04.2023,PAST_UNMATCHED,Da,TRACKER_SAYS_BILLED_NOT_FOUND,,,,
Fin-expert Boscolo Consulting” SRL,RED-PEN-B-I-B-20,1226,avans,2024-06-11,actual,2925.00,294/31.05.2024,PAST_UNMATCHED,Da,TRACKER_SAYS_BILLED_NOT_FOUND,,,,
Fin-expert Boscolo Consulting” SRL,RED-PEN-B-E-B-5,1227,avans,2024-06-11,actual,2925.00,294/31.05.2024,PAST_UNMATCHED,Da,TRACKER_SAYS_BILLED_NOT_FOUND,,,,
Fin-expert Boscolo Consulting” SRL,RED-PEN-B-I-B-20,1226,final,2024-07-15,actual,2925.00,294/31.05.2024,PAST_UNMATCHED,Da,TRACKER_SAYS_BILLED_NOT_FOUND,,,,
Fin-expert Boscolo Consulting” SRL,RED-PEN-B-E-B-5,1227,final,2024-07-15,actual,2925.00,294/31.05.2024,PAST_UNMATCHED,Da,TRACKER_SAYS_BILLED_NOT_FOUND,,,,
FISCAL SOLUTIONS doo,RED-PEN-S-WB-1,167,avans,2022-07-14,actual,4620.00,229/12.07.2022,PAST_UNMATCHED,Da,TRACKER_SAYS_BILLED_NOT_FOUND,,,,
FISCAL SOLUTIONS doo,RED-PEN-S-WB-1,167,final,2022-09-13,actual,1980.00,229/12.07.2022,PAST_UNMATCHED,Da,TRACKER_SAYS_BILLED_NOT_FOUND,,,,
FLASHNET S.A.,RED-NIS-C-PEN-10,1317,avans,,none,1960.00,NR. 312/8.10.2024,UNMATCHED_NO_DATE,Nu,,,,,
FLASHNET S.A.,RED-NIS-C-PEN-10,1316,final,2024-12-16,actual,5160.00,NR. 312/8.10.2024,PAST_UNMATCHED,Da,TRACKER_SAYS_BILLED_NOT_FOUND,,,,
FLASHNET S.A.,RED-NIS-C-PEN-10,1324,final,2026-08-24,estimated,2400.00,NR. 312/8.10.2024,UPCOMING,Nu,,,,,
FLASHNET S.A.,RED-NIS-C-PEN-10,1323,final,2026-11-02,estimated,4900.00,NR. 312/8.10.2024,UPCOMING,Nu,,,,,
Fortech S.R.L.,RED-PEN-B-E-B-25,180,avans,2022-04-04,actual,1800.00,217/24.03.2022,PAST_UNMATCHED,Da,TRACKER_SAYS_BILLED_NOT_FOUND,,,,
Fortech S.R.L.,RED-PEN-B-I-B-50,179,final,2022-08-03,actual,2400.00,217/24.03.2022,PAST_UNMATCHED,Da,TRACKER_SAYS_BILLED_NOT_FOUND,,,,
Fortech S.R.L.,RED-PEN-B-E-B-25,180,final,2022-08-03,actual,2700.00,217/24.03.2022,PAST_UNMATCHED,Da,TRACKER_SAYS_BILLED_NOT_FOUND,,,,
G&D META FARM S.R.L,RED-NIS-C-PEN-100,841,avans,2023-05-12,actual,0.00,27/20.04.2023,PAST_UNMATCHED,N/A,,,,,
G&D META FARM S.R.L,RED-NIS-C-AUDIT-100,842,avans,2023-05-12,actual,0.00,27/20.04.2023,PAST_UNMATCHED,N/A,,,,,
G&D META FARM S.R.L,RED-NIS-C-AUDIT-100,842,final,2023-08-31,actual,70.00,27/20.04.2023,PAST_UNMATCHED,Da,TRACKER_SAYS_BILLED_NOT_FOUND,,,,
GRAFTEX PRODCOM SRL,BLUE-MDR-C-6,1382,final,2026-08-05,estimated,1100.00,Contract cadru de prestari servicii nr. 334 din 31.3.2025,UPCOMING,Nu,,,,,
GRAFTEX PRODCOM SRL,BLUE-MDR-C-6,1383,final,2026-09-05,estimated,1100.00,Contract cadru de prestari servicii nr. 334 din 31.3.2025,UPCOMING,Nu,,,,,
GRAFTEX PRODCOM SRL,BLUE-MDR-C-6,1384,final,2026-10-05,estimated,1100.00,Contract cadru de prestari servicii nr. 334 din 31.3.2025,UPCOMING,Nu,,,,,
GRAFTEX PRODCOM SRL,BLUE-MDR-C-6,1385,final,2026-11-05,estimated,1100.00,Contract cadru de prestari servicii nr. 334 din 31.3.2025,UPCOMING,Nu,,,,,
GRAFTEX PRODCOM SRL,BLUE-MDR-C-6,1386,final,2026-12-05,estimated,1100.00,Contract cadru de prestari servicii nr. 334 din 31.3.2025,UPCOMING,Nu,,,,,
GRAFTEX PRODCOM SRL,BLUE-MDR-C-6,1387,final,2027-01-05,estimated,1100.00,Contract cadru de prestari servicii nr. 334 din 31.3.2025,UPCOMING,Nu,,,,,
GRAFTEX PRODCOM SRL,BLUE-MDR-C-6,1388,final,2027-02-05,estimated,1100.00,Contract cadru de prestari servicii nr. 334 din 31.3.2025,UPCOMING,Nu,,,,,
GRAFTEX PRODCOM SRL,BLUE-MDR-C-6,1389,final,2027-03-05,estimated,1100.00,Contract cadru de prestari servicii nr. 334 din 31.3.2025,UPCOMING,Nu,,,,,
HERTZA L.L.C.,RED-PEN-B-E-B-30,1298,final,2026-10-05,estimated,3962.00,Addendum No. 2 from 28.04.2025 SERVICES AGREEMENT No. 295/5.06.2024,UPCOMING,Nu,,,,,
HERTZA L.L.C.,RED-PEN-B-E-B-30,1299,final,2026-11-05,estimated,3962.00,Addendum No. 2 from 28.04.2025 SERVICES AGREEMENT No. 295/5.06.2024,UPCOMING,Nu,,,,,
HERTZA L.L.C.,RED-PEN-B-E-B-30,1300,final,2026-12-05,estimated,3962.00,Addendum No. 2 from 28.04.2025 SERVICES AGREEMENT No. 295/5.06.2024,UPCOMING,Nu,,,,,
HERTZA L.L.C.,RED-PEN-B-E-B-30,1301,final,2027-01-05,estimated,3962.00,Addendum No. 2 from 28.04.2025 SERVICES AGREEMENT No. 295/5.06.2024,UPCOMING,Nu,,,,,
HERTZA L.L.C.,RED-PEN-B-E-B-30,1302,final,2027-02-05,estimated,3962.00,Addendum No. 2 from 28.04.2025 SERVICES AGREEMENT No. 295/5.06.2024,UPCOMING,Nu,,,,,
HERTZA L.L.C.,RED-PEN-B-E-B-30,1303,final,2027-03-05,estimated,3962.00,Addendum No. 2 from 28.04.2025 SERVICES AGREEMENT No. 295/5.06.2024,UPCOMING,Nu,,,,,
HERTZA L.L.C.,RED-PEN-B-E-B-30,1304,final,2027-04-05,estimated,3962.00,Addendum No. 2 from 28.04.2025 SERVICES AGREEMENT No. 295/5.06.2024,UPCOMING,Nu,,,,,
IMPACT EdTech Project Consortium,CYBEREDU-GRANTS,861,final,2020-11-11,actual,24120.00,871275,PAST_UNMATCHED,Da,TRACKER_SAYS_BILLED_NOT_FOUND,,,,
IMPACT EdTech Project Consortium,CYBEREDU-GRANTS,862,final,2021-04-19,actual,55910.00,871275,PAST_UNMATCHED,Da,TRACKER_SAYS_BILLED_NOT_FOUND,,,,
IMPACT EdTech Project Consortium,CYBEREDU-GRANTS,863,avans,2021-05-13,actual,35000.00,871275,PAST_UNMATCHED,N/A,,,,,
IMPACT EdTech Project Consortium,CYBEREDU-GRANTS,863,final,2021-09-02,actual,61144.00,871275,PAST_UNMATCHED,Da,TRACKER_SAYS_BILLED_NOT_FOUND,,,,
INFOMED FLUIDS SRL,RED-AUDIT-A-12,162,avans,2022-06-23,actual,2400.00,226/09.06.2022,PAST_UNMATCHED,Da,TRACKER_SAYS_BILLED_NOT_FOUND,,,,
INFOMED FLUIDS SRL,RED-AUDIT-A-30,163,final,2026-03-23,estimated,3900.00,NR. 369/5.11.2025,PAST_UNMATCHED,Nu,,,,,
INFOMED FLUIDS SRL,RED-AUDIT-A-30,164,final,2026-05-30,estimated,2925.00,NR. 369/5.11.2025,PAST_UNMATCHED,Nu,,,,,
INFOMED FLUIDS SRL,RED-AUDIT-A-30,165,final,2026-06-30,estimated,2925.00,NR. 369/5.11.2025,PAST_UNMATCHED,Nu,,,,,
INGKA INVESTMENTS RENEWABLE ENERGY ROMANIA S.R.L.,RED-PEN-B-I-B-8,1501,avans,2025-09-11,actual,5500.00,FRAMEWORK SERVICE AGREEMENT NO. 357/25.08.2025,PAST_UNMATCHED,Da,TRACKER_SAYS_BILLED_NOT_FOUND,,,,
INGKA INVESTMENTS RENEWABLE ENERGY ROMANIA S.R.L.,CONSULTANCY-MISC-5,1498,final,2025-10-31,estimated,0.00,FRAMEWORK SERVICE AGREEMENT NO. 357/25.08.2025,PAST_UNMATCHED,Nu,,,,,
INGKA INVESTMENTS RENEWABLE ENERGY ROMANIA S.R.L.,CONSULTANCY-MISC-3,1499,final,2025-10-31,estimated,0.00,FRAMEWORK SERVICE AGREEMENT NO. 357/25.08.2025,PAST_UNMATCHED,Nu,,,,,
INGKA INVESTMENTS RENEWABLE ENERGY ROMANIA S.R.L.,CONSULTANCY-MISC-4,1500,final,2025-10-31,estimated,0.00,FRAMEWORK SERVICE AGREEMENT NO. 357/25.08.2025,PAST_UNMATCHED,Nu,,,,,
INGKA INVESTMENTS RENEWABLE ENERGY ROMANIA S.R.L.,RED-PEN-B-I-B-8,1501,final,2025-10-31,estimated,0.00,FRAMEWORK SERVICE AGREEMENT NO. 357/25.08.2025,PAST_UNMATCHED,Nu,,,,,
INSIGHTS ENTERPRISE SRL,RED-PEN-S-WB-1,781,final,2022-03-17,actual,5000.00,Nr. 1/2022,PAST_UNMATCHED,Da,TRACKER_SAYS_BILLED_NOT_FOUND,,,,
INSIGHTS ENTERPRISE SRL,RED-PEN-S-WB-1,782,final,2023-05-12,actual,5000.00,ACT ADITIONAL NR. 1 / 06.02.2023,PAST_UNMATCHED,Da,TRACKER_SAYS_BILLED_NOT_FOUND,,,,
INSIGHTS ENTERPRISE SRL,RED-PEN-S-WB-1,783,final,2025-01-23,actual,5500.00,ACT ADITIONAL NR. 2 DIN 3.12.2024,PAST_UNMATCHED,Da,TRACKER_SAYS_BILLED_NOT_FOUND,,,,
INSIGHTS ENTERPRISE SRL,RED-PEN-S-WB-1,784,final,2026-02-20,actual,6050.00,ACT ADITIONAL NR. 3 DIN 28.1.2026,PAST_UNMATCHED,Da,TRACKER_SAYS_BILLED_NOT_FOUND,,,,
JAXABLE S.R.L.,RED-PEN-B-E-B-17,1470,avans,2025-05-05,actual,0.00,30.4.2025,PAST_UNMATCHED,Da,TRACKER_SAYS_BILLED_NOT_FOUND,,,,
JAXABLE S.R.L.,RED-PEN-B-E-B-17,1470,final,2025-05-05,estimated,6900.00,30.4.2025,PAST_UNMATCHED,Da,TRACKER_SAYS_BILLED_NOT_FOUND,,,,
KEYSIGHT TECHNOLOGIES RO SRL,KS-MM-RD-2,384,final,2019-12-16,actual,12300.00,236Bis/25.04.2019,PAST_UNMATCHED,Da,TRACKER_SAYS_BILLED_NOT_FOUND,,,,
KEYSIGHT TECHNOLOGIES RO SRL,KS-MM-RD-2,462,final,2026-09-03,estimated,6900.00,NO. 6 OF 04.10.2033,UPCOMING,Nu,,,,,
KEYSIGHT TECHNOLOGIES RO SRL,KS-MM-RD-2,463,final,2026-10-03,estimated,6900.00,NO. 6 OF 04.10.2034,UPCOMING,Nu,,,,,
Krankenhaus Bethanien gGmbH,RED-PEN-B-I-BP-<800>,1481,avans,2025-08-12,actual,5250.00,NO. 347/9.7.2025,PAST_UNMATCHED,Da,TRACKER_SAYS_BILLED_NOT_FOUND,,,,
Krankenhaus Bethanien gGmbH,RED-PEN-B-I-BP-<800>,1481,final,2025-09-30,actual,5250.00,NO. 347/9.7.2025,PAST_UNMATCHED,Da,TRACKER_SAYS_BILLED_NOT_FOUND,,,,
Lanceria Freelancing SRL,RED-PEN-S-WB-1,154,final,2022-07-30,estimated,5250.00,224/30.05.2022,PAST_UNMATCHED,Nu,,,,,
LATITUDE BUSINESS APPLICATION SRL,RED-PEN-B-E-B-7,1440,final,2026-03-16,actual,2100.00,326/27.1.2025,PAST_UNMATCHED,Da,TRACKER_SAYS_BILLED_NOT_FOUND,,,,
MACROMEX SRL,RED-AUDIT-A-10,142,avans,2022-04-18,actual,2000.00,220/15.04.2022,PAST_UNMATCHED,Da,TRACKER_SAYS_BILLED_NOT_FOUND,,,,
MAZARINE ENERGY ROMANIA S.R.L.,CONSULTANCY-MISC-7,1583,final,2026-06-30,estimated,5900.00,CONTRACT-CADRU DE PRESTARI SERVICII NR. BSS 395/17.3.2026 MER NR.8 DIN 17 MARTIE 2026,PAST_UNMATCHED,Nu,,,,,
MED SERV UNITED SRL,RED-NIS-C-AUDIT-100,838,avans,2023-05-12,actual,560.00,637/20.04.2023,PAST_UNMATCHED,Da,TRACKER_SAYS_BILLED_NOT_FOUND,,,,
SC. MEDPLAZA HEALTH SRL,BLUE-IR-9,1590,avans,2026-06-02,actual,0.00,NR. 403/01.09.2026,PAST_UNMATCHED,Da,TRACKER_SAYS_BILLED_NOT_FOUND,,,,
MENDOLA INVESTMENT GROUP S.A.,BLUE-MDR-C-9,1484,avans,2025-08-29,actual,1700.00,Nr. 1223/13.08.2025 Nr. 352/13.08.2025,PAST_UNMATCHED,Da,TRACKER_SAYS_BILLED_NOT_FOUND,,,,
MENDOLA INVESTMENT GROUP S.A.,BLUE-MDR-C-9,1484,final,2025-08-29,estimated,0.00,Nr. 1223/13.08.2025 Nr. 352/13.08.2025,PAST_UNMATCHED,Nu,,,,,
MENDOLA INVESTMENT GROUP S.A.,BLUE-MDR-C-9,1485,final,2025-09-05,actual,1377.00,Nr. 1223/13.08.2025 Nr. 352/13.08.2025,PAST_UNMATCHED,Da,TRACKER_SAYS_BILLED_NOT_FOUND,,,,
MENDOLA INVESTMENT GROUP S.A.,BLUE-MDR-C-9,1486,final,2025-10-20,actual,1377.00,Nr. 1223/13.08.2025 Nr. 352/13.08.2025,PAST_UNMATCHED,Da,TRACKER_SAYS_BILLED_NOT_FOUND,,,,
MENDOLA INVESTMENT GROUP S.A.,BLUE-MDR-C-9,1487,final,2025-11-26,actual,1377.00,Nr. 1223/13.08.2025 Nr. 352/13.08.2025,PAST_UNMATCHED,Da,TRACKER_SAYS_BILLED_NOT_FOUND,,,,
MENDOLA INVESTMENT GROUP S.A.,BLUE-MDR-C-9,1488,final,2025-12-23,actual,1377.00,Nr. 1223/13.08.2025 Nr. 352/13.08.2025,PAST_UNMATCHED,Da,TRACKER_SAYS_BILLED_NOT_FOUND,,,,
MENDOLA INVESTMENT GROUP S.A.,BLUE-MDR-C-9,1489,final,2026-01-20,actual,1377.00,Nr. 1223/13.08.2025 Nr. 352/13.08.2025,PAST_UNMATCHED,Da,TRACKER_SAYS_BILLED_NOT_FOUND,,,,
MENDOLA INVESTMENT GROUP S.A.,BLUE-MDR-C-9,1490,final,2026-02-13,actual,1377.00,Nr. 1223/13.08.2025 Nr. 352/13.08.2025,PAST_UNMATCHED,Da,TRACKER_SAYS_BILLED_NOT_FOUND,,,,
MENDOLA INVESTMENT GROUP S.A.,BLUE-MDR-C-9,1491,final,2026-03-20,actual,1377.00,Nr. 1223/13.08.2025 Nr. 352/13.08.2025,PAST_UNMATCHED,Da,TRACKER_SAYS_BILLED_NOT_FOUND,,,,
MENDOLA INVESTMENT GROUP S.A.,BLUE-MDR-C-9,1492,final,2026-04-29,actual,1377.00,Nr. 1223/13.08.2025 Nr. 352/13.08.2025,PAST_UNMATCHED,Da,TRACKER_SAYS_BILLED_NOT_FOUND,,,,
MENDOLA INVESTMENT GROUP S.A.,BLUE-MDR-C-9,1493,final,2026-05-25,actual,1377.00,Nr. 1223/13.08.2025 Nr. 352/13.08.2025,PAST_UNMATCHED,Da,TRACKER_SAYS_BILLED_NOT_FOUND,,,,
MENDOLA INVESTMENT GROUP S.A.,BLUE-MDR-C-9,1494,final,2026-06-05,estimated,1377.00,Nr. 1223/13.08.2025 Nr. 352/13.08.2025,PAST_UNMATCHED,Nu,,,,,
MENDOLA INVESTMENT GROUP S.A.,BLUE-MDR-C-9,1495,final,2026-07-05,estimated,1377.00,Nr. 1223/13.08.2025 Nr. 352/13.08.2025,PAST_UNMATCHED,Nu,,,,,
MENDOLA INVESTMENT GROUP S.A.,BLUE-MDR-C-9,1496,final,2026-08-05,estimated,1377.00,Nr. 1223/13.08.2025 Nr. 352/13.08.2025,UPCOMING,Nu,,,,,
Metaminds S.A.,RED-PEN-B-E-B-7,1311,avans,2024-07-29,actual,0.00,MMS2024175 / 26.07.2024,PAST_UNMATCHED,N/A,,,,,
MILLENIUM PRO DESIGN SRL,BLUE-IR-5,1340,final,2025-02-21,actual,,Nr. 325/15.1.2025,PAST_UNMATCHED,Da,TRACKER_SAYS_BILLED_NOT_FOUND,,,,
MILLENIUM PRO DESIGN SRL,BLUE-MDR-C-12,1358,final,2026-08-05,estimated,1800.00,Act aditional nr. 1 din 21.3.2025 la contractul Nr. 325/15.1.2025,UPCOMING,Nu,,,,,
MILLENIUM PRO DESIGN SRL,BLUE-MDR-C-12,1359,final,2026-09-05,estimated,1800.00,Act aditional nr. 1 din 21.3.2025 la contractul Nr. 325/15.1.2025,UPCOMING,Nu,,,,,
MILLENIUM PRO DESIGN SRL,BLUE-MDR-C-12,1360,final,2026-10-05,estimated,1800.00,Act aditional nr. 1 din 21.3.2025 la contractul Nr. 325/15.1.2025,UPCOMING,Nu,,,,,
MILLENIUM PRO DESIGN SRL,BLUE-MDR-C-12,1361,final,2026-11-05,estimated,1800.00,Act aditional nr. 1 din 21.3.2025 la contractul Nr. 325/15.1.2025,UPCOMING,Nu,,,,,
MILLENIUM PRO DESIGN SRL,BLUE-MDR-C-12,1362,final,2026-12-05,estimated,1800.00,Act aditional nr. 1 din 21.3.2025 la contractul Nr. 325/15.1.2025,UPCOMING,Nu,,,,,
MILLENIUM PRO DESIGN SRL,BLUE-MDR-C-12,1363,final,2027-01-05,estimated,1800.00,Act aditional nr. 1 din 21.3.2025 la contractul Nr. 325/15.1.2025,UPCOMING,Nu,,,,,
MILLENIUM PRO DESIGN SRL,BLUE-MDR-C-12,1364,final,2027-02-05,estimated,1800.00,Act aditional nr. 1 din 21.3.2025 la contractul Nr. 325/15.1.2025,UPCOMING,Nu,,,,,
MILLENIUM PRO DESIGN SRL,BLUE-MDR-C-12,1365,final,2027-03-05,estimated,1800.00,Act aditional nr. 1 din 21.3.2025 la contractul Nr. 325/15.1.2025,UPCOMING,Nu,,,,,
MOON PAY LIMITED,RED-PEN-S-WB-1,32,final,2020-03-13,actual,4275.00,155/24.02.2020,PAST_UNMATCHED,Da,TRACKER_SAYS_BILLED_NOT_FOUND,,,,
"MW TEAM INVEST S.R.L.,",RED-NIS-C-AUDIT-4,103,final,2022-12-21,actual,3000.00,Nr. RO70/33 din data de 22.09.2022,PAST_UNMATCHED,Da,TRACKER_SAYS_BILLED_NOT_FOUND,,,,
"MW TEAM INVEST S.R.L.,",RED-NIS-C-AUDIT-4,105,final,2024-12-18,actual,3200.00,Nr. RO70 / 10 / 30.09.2024,PAST_UNMATCHED,Da,TRACKER_SAYS_BILLED_NOT_FOUND,,,,
"SOCIETATEA NATIONALĂ „NUCLEARELECTRICA” S.A. (SNN),",CYBEREDU-DEV-EX-1,785,final,2023-06-26,actual,10242.00,Nr. RUEC SNN 234 / 23.02.2023,PAST_UNMATCHED,Da,TRACKER_SAYS_BILLED_NOT_FOUND,,,,
"SOCIETATEA NATIONALĂ „NUCLEARELECTRICA” S.A. (SNN),",CYBEREDU-DEV-T-1,786,final,2023-06-26,actual,10242.00,Nr. RUEC SNN 234 / 23.02.2024,PAST_UNMATCHED,Da,TRACKER_SAYS_BILLED_NOT_FOUND,,,,
NESTLERS & PARTNERS SRL,RED-PEN-B-E-B-5,874,final,2023-11-06,actual,2502.00,273/02.10.2023,PAST_UNMATCHED,Da,TRACKER_SAYS_BILLED_NOT_FOUND,,,,
NESTLERS & PARTNERS SRL,BLUE-MDR-C-5,1019,final,2026-08-05,estimated,500.00,Act aditional Nr. 2 la contract 273/02.10.2023,UPCOMING,Nu,,,,,
NESTLERS & PARTNERS SRL,BLUE-MDR-C-5,1020,final,2026-09-05,estimated,500.00,Act aditional Nr. 2 la contract 273/02.10.2023,UPCOMING,Nu,,,,,
NESTLERS & PARTNERS SRL,BLUE-MDR-C-5,1021,final,2026-10-05,estimated,500.00,Act aditional Nr. 2 la contract 273/02.10.2023,UPCOMING,Nu,,,,,
NESTLERS & PARTNERS SRL,BLUE-MDR-C-5,1022,final,2026-11-05,estimated,500.00,Act aditional Nr. 2 la contract 273/02.10.2023,UPCOMING,Nu,,,,,
NESTLERS & PARTNERS SRL,BLUE-MDR-C-5,1023,final,2026-12-05,estimated,500.00,Act aditional Nr. 2 la contract 273/02.10.2023,UPCOMING,Nu,,,,,
NESTLERS & PARTNERS SRL,BLUE-MDR-C-5,1024,final,2027-01-05,estimated,500.00,Act aditional Nr. 2 la contract 273/02.10.2023,UPCOMING,Nu,,,,,
NESTLERS & PARTNERS SRL,BLUE-MDR-C-5,1025,final,2027-02-05,estimated,500.00,Act aditional Nr. 2 la contract 273/02.10.2023,UPCOMING,Nu,,,,,
NESTLERS & PARTNERS SRL,BLUE-MDR-C-5,1026,final,2027-03-05,estimated,500.00,Act aditional Nr. 2 la contract 273/02.10.2023,UPCOMING,Nu,,,,,
NEW ECLIPSA SHOES SRL,BLUE-IR-10,140,final,2023-01-10,actual,2250.00,251/21.12.2022,PAST_UNMATCHED,Da,TRACKER_SAYS_BILLED_NOT_FOUND,,,,
NOVA POWER & GAS SRL,RED-NIS-C-AUDIT-100,945,avans,2024-01-23,actual,3805.00,NR. 282/19.01.2024,PAST_UNMATCHED,Da,TRACKER_SAYS_BILLED_NOT_FOUND,,,,
NOVA POWER & GAS SRL,RED-NIS-C-PEN-100,943,final,2024-07-31,actual,4513.00,NR. 282/19.01.2024,PAST_UNMATCHED,Da,TRACKER_SAYS_BILLED_NOT_FOUND,,,,
NOVA POWER & GAS SRL,RED-NIS-C-AUDIT-100,945,final,2024-07-31,actual,1195.00,NR. 282/19.01.2024,PAST_UNMATCHED,Da,TRACKER_SAYS_BILLED_NOT_FOUND,,,,
NTNU,CYBEREDU-DEV-EX-7,879,final,2023-10-30,actual,25501.00,991368102,PAST_UNMATCHED,Da,TRACKER_SAYS_BILLED_NOT_FOUND,,,,
NUTRIPAW PET NUTRITION S.R.L.,BLUE-IR-10,1027,final,2024-04-25,actual,1750.00,Nr. 287/01.04.2024,PAST_UNMATCHED,Da,TRACKER_SAYS_BILLED_NOT_FOUND,,,,
ONLINE VENUES & EVENTS SRL,RED-PEN-S-B-1,184,final,2021-05-04,actual,3300.00,181/09.02.2021,PAST_UNMATCHED,Da,TRACKER_SAYS_BILLED_NOT_FOUND,,,,
Orange Romania SA,BLUE-IR-OC-6,1069,avans,,none,2000.00,09.05.2024,UNMATCHED_NO_DATE,N/A,,,,,
Orange Romania SA,BLUE-IR-OC-6,1108,avans,,none,2000.00,09.05.2024,UNMATCHED_NO_DATE,N/A,,,,,
Orange Romania SA,PHISH-P-L-YY-A-15000,687,final,2020-08-03,actual,17500.00,PO 40407868,PAST_UNMATCHED,Da,TRACKER_SAYS_BILLED_NOT_FOUND,,,,
Orange Romania SA,CYBEREDU-RUN-EX-1,986,final,2024-02-07,actual,59280.00,23.01.2024,PAST_UNMATCHED,Da,TRACKER_SAYS_BILLED_NOT_FOUND,,,,
Orange Romania SA,RED-PEN-B-E-B-5,990,final,2024-03-28,actual,4050.00,12.03.2024,PAST_UNMATCHED,Da,TRACKER_SAYS_BILLED_NOT_FOUND,,,,
Orange Romania SA,BLUE-IR-OC-6,1112,final,2024-06-17,actual,500.00,09.05.2024,PAST_UNMATCHED,Da,TRACKER_SAYS_BILLED_NOT_FOUND,,,,
Orange Romania SA,BLUE-IR-OC-6,1113,final,2024-06-17,actual,500.00,09.05.2024,PAST_UNMATCHED,Da,TRACKER_SAYS_BILLED_NOT_FOUND,,,,
Orange Romania SA,BLUE-IR-OC-6,1114,final,2024-06-17,actual,500.00,09.05.2024,PAST_UNMATCHED,Da,TRACKER_SAYS_BILLED_NOT_FOUND,,,,
Orange Romania SA,BLUE-IR-OC-6,1115,final,2024-06-17,actual,500.00,09.05.2024,PAST_UNMATCHED,Da,TRACKER_SAYS_BILLED_NOT_FOUND,,,,
Orange Romania SA,BLUE-IR-OC-6,1116,final,2024-06-17,actual,500.00,09.05.2024,PAST_UNMATCHED,Da,TRACKER_SAYS_BILLED_NOT_FOUND,,,,
Orange Romania SA,BLUE-IR-OC-6,1117,final,2024-06-17,actual,500.00,09.05.2024,PAST_UNMATCHED,Da,TRACKER_SAYS_BILLED_NOT_FOUND,,,,
Orange Romania SA,BLUE-IR-OC-6,1118,final,2024-06-17,actual,500.00,09.05.2024,PAST_UNMATCHED,Da,TRACKER_SAYS_BILLED_NOT_FOUND,,,,
Orange Romania SA,BLUE-IR-OC-6,1119,final,2024-06-17,actual,500.00,09.05.2024,PAST_UNMATCHED,Da,TRACKER_SAYS_BILLED_NOT_FOUND,,,,
Orange Romania SA,PHISH-P-L-MM-F-350-12,1120,final,2024-06-17,actual,500.00,09.05.2024,PAST_UNMATCHED,Da,TRACKER_SAYS_BILLED_NOT_FOUND,,,,
Orange Romania SA,PHISH-P-L-MM-F-350-12,1121,final,2024-06-17,actual,500.00,09.05.2024,PAST_UNMATCHED,Da,TRACKER_SAYS_BILLED_NOT_FOUND,,,,
Orange Romania SA,PHISH-P-L-MM-F-350-12,1122,final,2024-06-17,actual,500.00,09.05.2024,PAST_UNMATCHED,Da,TRACKER_SAYS_BILLED_NOT_FOUND,,,,
Orange Romania SA,PHISH-P-L-MM-F-350-12,1123,final,2024-06-17,actual,500.00,09.05.2024,PAST_UNMATCHED,Da,TRACKER_SAYS_BILLED_NOT_FOUND,,,,
Orange Romania SA,PHISH-P-L-MM-F-350-12,1124,final,2024-06-17,actual,500.00,09.05.2024,PAST_UNMATCHED,Da,TRACKER_SAYS_BILLED_NOT_FOUND,,,,
Orange Romania SA,PHISH-P-L-MM-F-350-12,1125,final,2024-06-17,actual,500.00,09.05.2024,PAST_UNMATCHED,Da,TRACKER_SAYS_BILLED_NOT_FOUND,,,,
Orange Romania SA,PHISH-P-L-MM-F-350-12,1126,final,2024-06-17,actual,500.00,09.05.2024,PAST_UNMATCHED,Da,TRACKER_SAYS_BILLED_NOT_FOUND,,,,
Orange Romania SA,PHISH-P-L-MM-F-350-12,1127,final,2024-06-17,actual,500.00,09.05.2024,PAST_UNMATCHED,Da,TRACKER_SAYS_BILLED_NOT_FOUND,,,,
Orange Romania SA,PHISH-P-L-MM-F-350-12,1128,final,2024-06-17,actual,500.00,09.05.2024,PAST_UNMATCHED,Da,TRACKER_SAYS_BILLED_NOT_FOUND,,,,
Orange Romania SA,PHISH-P-L-MM-F-350-12,1129,final,2024-06-17,actual,500.00,09.05.2024,PAST_UNMATCHED,Da,TRACKER_SAYS_BILLED_NOT_FOUND,,,,
Orange Romania SA,PHISH-P-L-MM-F-350-12,1130,final,2024-06-17,actual,500.00,09.05.2024,PAST_UNMATCHED,Da,TRACKER_SAYS_BILLED_NOT_FOUND,,,,
Orange Romania SA,PHISH-P-L-MM-F-350-12,1131,final,2024-06-17,actual,500.00,09.05.2024,PAST_UNMATCHED,Da,TRACKER_SAYS_BILLED_NOT_FOUND,,,,
Orange Romania SA,RED-MISC-1.2,1132,final,2024-06-17,actual,500.00,09.05.2024,PAST_UNMATCHED,Da,TRACKER_SAYS_BILLED_NOT_FOUND,,,,
Orange Romania SA,RED-MISC-1.2,1133,final,2024-06-17,actual,500.00,09.05.2024,PAST_UNMATCHED,Da,TRACKER_SAYS_BILLED_NOT_FOUND,,,,
Orange Romania SA,RED-MISC-1.2,1134,final,2024-06-17,actual,500.00,09.05.2024,PAST_UNMATCHED,Da,TRACKER_SAYS_BILLED_NOT_FOUND,,,,
Orange Romania SA,RED-MISC-1.2,1135,final,2024-06-17,actual,500.00,09.05.2024,PAST_UNMATCHED,Da,TRACKER_SAYS_BILLED_NOT_FOUND,,,,
Orange Romania SA,RED-MISC-1.2,1136,final,2024-06-17,actual,500.00,09.05.2024,PAST_UNMATCHED,Da,TRACKER_SAYS_BILLED_NOT_FOUND,,,,
Orange Romania SA,RED-MISC-1.2,1137,final,2024-06-17,actual,500.00,09.05.2024,PAST_UNMATCHED,Da,TRACKER_SAYS_BILLED_NOT_FOUND,,,,
Orange Romania SA,RED-MISC-1.2,1138,final,2024-06-17,actual,500.00,09.05.2024,PAST_UNMATCHED,Da,TRACKER_SAYS_BILLED_NOT_FOUND,,,,
Orange Romania SA,RED-MISC-1.2,1139,final,2024-06-17,actual,500.00,09.05.2024,PAST_UNMATCHED,Da,TRACKER_SAYS_BILLED_NOT_FOUND,,,,
Orange Romania SA,RED-MISC-1.2,1140,final,2024-06-17,actual,500.00,09.05.2024,PAST_UNMATCHED,Da,TRACKER_SAYS_BILLED_NOT_FOUND,,,,
Orange Romania SA,RED-MISC-1.2,1141,final,2024-06-17,actual,500.00,09.05.2024,PAST_UNMATCHED,Da,TRACKER_SAYS_BILLED_NOT_FOUND,,,,
Orange Romania SA,RED-MISC-1.2,1142,final,2024-06-17,actual,500.00,09.05.2024,PAST_UNMATCHED,Da,TRACKER_SAYS_BILLED_NOT_FOUND,,,,
Orange Romania SA,RED-MISC-1.2,1143,final,2024-06-17,actual,500.00,09.05.2024,PAST_UNMATCHED,Da,TRACKER_SAYS_BILLED_NOT_FOUND,,,,
Orange Romania SA,RED-C-M-MM-10,1045,final,2024-06-30,actual,500.00,09.05.2024,PAST_UNMATCHED,Da,TRACKER_SAYS_BILLED_NOT_FOUND,,,,
Orange Romania SA,RED-C-M-MM-10,1046,final,2024-06-30,actual,500.00,09.05.2024,PAST_UNMATCHED,Da,TRACKER_SAYS_BILLED_NOT_FOUND,,,,
Orange Romania SA,RED-C-M-MM-10,1047,final,2024-06-30,actual,500.00,09.05.2024,PAST_UNMATCHED,Da,TRACKER_SAYS_BILLED_NOT_FOUND,,,,
Orange Romania SA,RED-C-M-MM-10,1048,final,2024-06-30,actual,500.00,09.05.2024,PAST_UNMATCHED,Da,TRACKER_SAYS_BILLED_NOT_FOUND,,,,
Orange Romania SA,RED-C-M-MM-10,1049,final,2024-06-30,actual,500.00,09.05.2024,PAST_UNMATCHED,Da,TRACKER_SAYS_BILLED_NOT_FOUND,,,,
Orange Romania SA,RED-C-M-MM-10,1050,final,2024-06-30,actual,500.00,09.05.2024,PAST_UNMATCHED,Da,TRACKER_SAYS_BILLED_NOT_FOUND,,,,
Orange Romania SA,RED-C-M-MM-10,1051,final,2024-06-30,actual,500.00,09.05.2024,PAST_UNMATCHED,Da,TRACKER_SAYS_BILLED_NOT_FOUND,,,,
Orange Romania SA,RED-C-M-MM-10,1052,final,2024-06-30,actual,500.00,09.05.2024,PAST_UNMATCHED,Da,TRACKER_SAYS_BILLED_NOT_FOUND,,,,
Orange Romania SA,RED-C-M-MM-10,1053,final,2024-06-30,actual,500.00,09.05.2024,PAST_UNMATCHED,Da,TRACKER_SAYS_BILLED_NOT_FOUND,,,,
Orange Romania SA,RED-C-M-MM-10,1054,final,2024-06-30,actual,500.00,09.05.2024,PAST_UNMATCHED,Da,TRACKER_SAYS_BILLED_NOT_FOUND,,,,
Orange Romania SA,RED-C-M-MM-10,1055,final,2024-06-30,actual,500.00,09.05.2024,PAST_UNMATCHED,Da,TRACKER_SAYS_BILLED_NOT_FOUND,,,,
Orange Romania SA,RED-C-M-MM-10,1056,final,2024-06-30,actual,500.00,09.05.2024,PAST_UNMATCHED,Da,TRACKER_SAYS_BILLED_NOT_FOUND,,,,
Orange Romania SA,PHISH-P-L-MM-F-250-12,1057,final,2024-06-30,actual,500.00,09.05.2024,PAST_UNMATCHED,Da,TRACKER_SAYS_BILLED_NOT_FOUND,,,,
Orange Romania SA,PHISH-P-L-MM-F-250-12,1058,final,2024-06-30,actual,500.00,09.05.2024,PAST_UNMATCHED,Da,TRACKER_SAYS_BILLED_NOT_FOUND,,,,
Orange Romania SA,PHISH-P-L-MM-F-250-12,1059,final,2024-06-30,actual,500.00,09.05.2024,PAST_UNMATCHED,Da,TRACKER_SAYS_BILLED_NOT_FOUND,,,,
Orange Romania SA,PHISH-P-L-MM-F-250-12,1060,final,2024-06-30,actual,500.00,09.05.2024,PAST_UNMATCHED,Da,TRACKER_SAYS_BILLED_NOT_FOUND,,,,
Orange Romania SA,PHISH-P-L-MM-F-250-12,1061,final,2024-06-30,actual,500.00,09.05.2024,PAST_UNMATCHED,Da,TRACKER_SAYS_BILLED_NOT_FOUND,,,,
Orange Romania SA,PHISH-P-L-MM-F-250-12,1062,final,2024-06-30,actual,500.00,09.05.2024,PAST_UNMATCHED,Da,TRACKER_SAYS_BILLED_NOT_FOUND,,,,
Orange Romania SA,PHISH-P-L-MM-F-250-12,1063,final,2024-06-30,actual,500.00,09.05.2024,PAST_UNMATCHED,Da,TRACKER_SAYS_BILLED_NOT_FOUND,,,,
Orange Romania SA,PHISH-P-L-MM-F-250-12,1064,final,2024-06-30,actual,500.00,09.05.2024,PAST_UNMATCHED,Da,TRACKER_SAYS_BILLED_NOT_FOUND,,,,
Orange Romania SA,PHISH-P-L-MM-F-250-12,1065,final,2024-06-30,actual,500.00,09.05.2024,PAST_UNMATCHED,Da,TRACKER_SAYS_BILLED_NOT_FOUND,,,,
Orange Romania SA,PHISH-P-L-MM-F-250-12,1066,final,2024-06-30,actual,500.00,09.05.2024,PAST_UNMATCHED,Da,TRACKER_SAYS_BILLED_NOT_FOUND,,,,
Orange Romania SA,PHISH-P-L-MM-F-250-12,1067,final,2024-06-30,actual,500.00,09.05.2024,PAST_UNMATCHED,Da,TRACKER_SAYS_BILLED_NOT_FOUND,,,,
Orange Romania SA,PHISH-P-L-MM-F-250-12,1068,final,2024-06-30,actual,500.00,09.05.2024,PAST_UNMATCHED,Da,TRACKER_SAYS_BILLED_NOT_FOUND,,,,
Orange Romania SA,BLUE-IR-OC-6,1069,final,2024-06-30,actual,500.00,09.05.2024,PAST_UNMATCHED,Da,TRACKER_SAYS_BILLED_NOT_FOUND,,,,
Orange Romania SA,BLUE-IR-OC-6,1070,final,2024-06-30,actual,500.00,09.05.2024,PAST_UNMATCHED,Da,TRACKER_SAYS_BILLED_NOT_FOUND,,,,
Orange Romania SA,BLUE-IR-OC-6,1071,final,2024-06-30,actual,500.00,09.05.2024,PAST_UNMATCHED,Da,TRACKER_SAYS_BILLED_NOT_FOUND,,,,
Orange Romania SA,BLUE-IR-OC-6,1072,final,2024-06-30,actual,500.00,09.05.2024,PAST_UNMATCHED,Da,TRACKER_SAYS_BILLED_NOT_FOUND,,,,
Orange Romania SA,BLUE-IR-OC-6,1073,final,2024-06-30,actual,500.00,09.05.2024,PAST_UNMATCHED,Da,TRACKER_SAYS_BILLED_NOT_FOUND,,,,
Orange Romania SA,BLUE-IR-OC-6,1074,final,2024-06-30,actual,500.00,09.05.2024,PAST_UNMATCHED,Da,TRACKER_SAYS_BILLED_NOT_FOUND,,,,
Orange Romania SA,BLUE-IR-OC-6,1075,final,2024-06-30,actual,500.00,09.05.2024,PAST_UNMATCHED,Da,TRACKER_SAYS_BILLED_NOT_FOUND,,,,
Orange Romania SA,BLUE-IR-OC-6,1076,final,2024-06-30,actual,500.00,09.05.2024,PAST_UNMATCHED,Da,TRACKER_SAYS_BILLED_NOT_FOUND,,,,
Orange Romania SA,BLUE-IR-OC-6,1077,final,2024-06-30,actual,500.00,09.05.2024,PAST_UNMATCHED,Da,TRACKER_SAYS_BILLED_NOT_FOUND,,,,
Orange Romania SA,BLUE-IR-OC-6,1078,final,2024-06-30,actual,500.00,09.05.2024,PAST_UNMATCHED,Da,TRACKER_SAYS_BILLED_NOT_FOUND,,,,
Orange Romania SA,BLUE-IR-OC-6,1079,final,2024-06-30,actual,500.00,09.05.2024,PAST_UNMATCHED,Da,TRACKER_SAYS_BILLED_NOT_FOUND,,,,
Orange Romania SA,BLUE-IR-OC-6,1080,final,2024-06-30,actual,500.00,09.05.2024,PAST_UNMATCHED,Da,TRACKER_SAYS_BILLED_NOT_FOUND,,,,
Orange Romania SA,BLUE-IR-OC-6,1081,final,2024-06-30,actual,500.00,09.05.2024,PAST_UNMATCHED,Da,TRACKER_SAYS_BILLED_NOT_FOUND,,,,
Orange Romania SA,RED-PEN-B-E-B-25,1224,final,2025-04-30,actual,15000.00,30.04.2025,PAST_UNMATCHED,Da,TRACKER_SAYS_BILLED_NOT_FOUND,,,,
Orange Romania SA,PHISH-P-L-MM-F-250-12,1084,final,2025-07-10,actual,500.00,13.06.2025,PAST_UNMATCHED,Da,TRACKER_SAYS_BILLED_NOT_FOUND,,,,
Orange Romania SA,BLUE-IR-OC-6,1096,final,2025-07-10,actual,1000.00,13.06.2025,PAST_UNMATCHED,Da,TRACKER_SAYS_BILLED_NOT_FOUND,,,,
Orange Romania SA,CONSULTANCY-MISC-8,1196,final,2025-07-10,actual,500.00,27.05.2025,PAST_UNMATCHED,Da,TRACKER_SAYS_BILLED_NOT_FOUND,,,,
Orange Romania SA,PHISH-P-L-MM-F-250-12,1085,final,2025-08-04,actual,500.00,13.06.2025,PAST_UNMATCHED,Da,TRACKER_SAYS_BILLED_NOT_FOUND,,,,
Orange Romania SA,BLUE-IR-OC-6,1097,final,2025-08-04,actual,1000.00,13.06.2025,PAST_UNMATCHED,Da,TRACKER_SAYS_BILLED_NOT_FOUND,,,,
Orange Romania SA,CONSULTANCY-MISC-8,1197,final,2025-08-04,actual,500.00,27.05.2025,PAST_UNMATCHED,Da,TRACKER_SAYS_BILLED_NOT_FOUND,,,,
Orange Romania SA,PHISH-P-L-MM-F-250-12,1086,final,2025-09-05,actual,500.00,13.06.2025,PAST_UNMATCHED,Da,TRACKER_SAYS_BILLED_NOT_FOUND,,,,
Orange Romania SA,BLUE-IR-OC-6,1098,final,2025-09-05,actual,1000.00,13.06.2025,PAST_UNMATCHED,Da,TRACKER_SAYS_BILLED_NOT_FOUND,,,,
Orange Romania SA,CONSULTANCY-MISC-8,1198,final,2025-09-05,actual,500.00,27.05.2025,PAST_UNMATCHED,Da,TRACKER_SAYS_BILLED_NOT_FOUND,,,,
Orange Romania SA,PHISH-P-L-MM-F-250-12,1088,final,2025-11-26,actual,500.00,13.06.2025,PAST_UNMATCHED,Da,TRACKER_SAYS_BILLED_NOT_FOUND,,,,
Orange Romania SA,PHISH-P-L-MM-F-350-12,1176,final,2025-11-26,actual,500.00,27.05.2025,PAST_UNMATCHED,Da,TRACKER_SAYS_BILLED_NOT_FOUND,,,,
Orange Romania SA,CONSULTANCY-MISC-8,1200,final,2025-11-26,actual,500.00,27.05.2025,PAST_UNMATCHED,Da,TRACKER_SAYS_BILLED_NOT_FOUND,,,,
Orange Romania SA,CONSULTANCY-MISC-8,1201,final,2025-12-23,actual,500.00,27.05.2025,PAST_UNMATCHED,Da,TRACKER_SAYS_BILLED_NOT_FOUND,,,,
Orange Romania SA,PHISH-P-L-MM-F-250-12,1091,final,2026-02-13,actual,500.00,13.06.2025,PAST_UNMATCHED,Da,TRACKER_SAYS_BILLED_NOT_FOUND,,,,
Orange Romania SA,PHISH-P-L-MM-F-350-12,1179,final,2026-02-13,actual,500.00,27.05.2025,PAST_UNMATCHED,Da,TRACKER_SAYS_BILLED_NOT_FOUND,,,,
Orange Romania SA,CONSULTANCY-MISC-8,1203,final,2026-02-13,actual,500.00,27.05.2025,PAST_UNMATCHED,Da,TRACKER_SAYS_BILLED_NOT_FOUND,,,,
Orange Romania SA,ORO-TEM-SUPPORT-50-12,738,final,2026-03-11,actual,1875.00,PO00112619,PAST_UNMATCHED,Da,TRACKER_SAYS_BILLED_NOT_FOUND,,,,
Orange Romania SA,PHISH-P-L-MM-F-350-12,1180,final,2026-03-20,actual,500.00,27.05.2025,PAST_UNMATCHED,Da,TRACKER_SAYS_BILLED_NOT_FOUND,,,,
Orange Romania SA,CONSULTANCY-MISC-8,1204,final,2026-03-20,actual,500.00,27.05.2025,PAST_UNMATCHED,Da,TRACKER_SAYS_BILLED_NOT_FOUND,,,,
Orange Romania SA,PHISH-P-L-MM-F-250-12,1093,final,2026-04-29,actual,500.00,13.06.2025,PAST_UNMATCHED,Da,TRACKER_SAYS_BILLED_NOT_FOUND,,,,
Orange Romania SA,PHISH-P-L-MM-F-350-12,1181,final,2026-04-29,actual,500.00,27.05.2025,PAST_UNMATCHED,Da,TRACKER_SAYS_BILLED_NOT_FOUND,,,,
Orange Romania SA,CONSULTANCY-MISC-8,1205,final,2026-04-29,actual,500.00,27.05.2025,PAST_UNMATCHED,Da,TRACKER_SAYS_BILLED_NOT_FOUND,,,,
Orange Romania SA,PHISH-P-L-MM-F-250-12,1094,final,2026-05-25,actual,500.00,13.06.2025,PAST_UNMATCHED,Da,TRACKER_SAYS_BILLED_NOT_FOUND,,,,
Orange Romania SA,PHISH-P-L-MM-F-350-12,1182,final,2026-05-25,actual,500.00,27.05.2025,PAST_UNMATCHED,Da,TRACKER_SAYS_BILLED_NOT_FOUND,,,,
Orange Romania SA,CONSULTANCY-MISC-8,1206,final,2026-05-25,actual,500.00,27.05.2025,PAST_UNMATCHED,Da,TRACKER_SAYS_BILLED_NOT_FOUND,,,,
Orange Romania SA,BLUE-IR-OC-6,1159,final,2026-07-05,estimated,990.00,25.05.2026,PAST_UNMATCHED,Nu,,,,,
Orange Romania SA,PHISH-P-L-MM-F-350-12,1184,final,2026-07-05,estimated,416.67,25.05.2026,PAST_UNMATCHED,Nu,,,,,
Orange Romania SA,CONSULTANCY-MISC-8,1208,final,2026-07-05,estimated,1116.67,25.05.2026,PAST_UNMATCHED,Nu,,,,,
Orange Romania SA,BLUE-IR-OC-6,1160,final,2026-08-05,estimated,990.00,25.05.2026,UPCOMING,Nu,,,,,
Orange Romania SA,PHISH-P-L-MM-F-350-12,1185,final,2026-08-05,estimated,416.67,25.05.2026,UPCOMING,Nu,,,,,
Orange Romania SA,CONSULTANCY-MISC-8,1209,final,2026-08-05,estimated,1116.67,25.05.2026,UPCOMING,Nu,,,,,
Orange Romania SA,ORO-TEM-SUPPORT-50-12,744,final,2026-09-01,estimated,1875.00,PO00171558,UPCOMING,Nu,,,,,
Orange Romania SA,BLUE-IR-OC-6,1161,final,2026-09-05,estimated,990.00,25.05.2026,UPCOMING,Nu,,,,,
Orange Romania SA,PHISH-P-L-MM-F-350-12,1186,final,2026-09-05,estimated,416.67,25.05.2026,UPCOMING,Nu,,,,,
Orange Romania SA,CONSULTANCY-MISC-8,1210,final,2026-09-05,estimated,1116.67,25.05.2026,UPCOMING,Nu,,,,,
Orange Romania SA,ORO-TEM-SUPPORT-50-12,745,final,2026-10-01,estimated,1875.00,PO00171558,UPCOMING,Nu,,,,,
Orange Romania SA,BLUE-IR-OC-6,1162,final,2026-10-05,estimated,990.00,25.05.2026,UPCOMING,Nu,,,,,
Orange Romania SA,PHISH-P-L-MM-F-350-12,1187,final,2026-10-05,estimated,416.67,25.05.2026,UPCOMING,Nu,,,,,
Orange Romania SA,CONSULTANCY-MISC-8,1211,final,2026-10-05,estimated,1116.67,25.05.2026,UPCOMING,Nu,,,,,
Orange Romania SA,ORO-TEM-DEV-100,774,final,2026-10-15,estimated,37000.00,,UPCOMING,Da,TRACKER_SAYS_BILLED_NOT_FOUND,,,,
Orange Romania SA,ORO-TEM-L-10000,775,final,2026-10-15,estimated,32000.00,,UPCOMING,Da,TRACKER_SAYS_BILLED_NOT_FOUND,,,,
Orange Romania SA,ORO-TEM-SUPPORT-50-12,746,final,2026-11-01,estimated,1875.00,PO00171558,UPCOMING,Nu,,,,,
Orange Romania SA,BLUE-IR-OC-6,1163,final,2026-11-05,estimated,990.00,25.05.2026,UPCOMING,Nu,,,,,
Orange Romania SA,PHISH-P-L-MM-F-350-12,1188,final,2026-11-05,estimated,416.67,25.05.2026,UPCOMING,Nu,,,,,
Orange Romania SA,CONSULTANCY-MISC-8,1212,final,2026-11-05,estimated,1116.67,25.05.2026,UPCOMING,Nu,,,,,
Orange Romania SA,ORO-TEM-SUPPORT-50-12,747,final,2026-12-01,estimated,1875.00,PO00171558,UPCOMING,Nu,,,,,
Orange Romania SA,BLUE-IR-OC-6,1164,final,2026-12-05,estimated,990.00,25.05.2026,UPCOMING,Nu,,,,,
Orange Romania SA,PHISH-P-L-MM-F-350-12,1189,final,2026-12-05,estimated,416.67,25.05.2026,UPCOMING,Nu,,,,,
Orange Romania SA,CONSULTANCY-MISC-8,1213,final,2026-12-05,estimated,1116.67,25.05.2026,UPCOMING,Nu,,,,,
Orange Romania SA,ORO-TEM-SUPPORT-50-12,748,final,2027-01-01,estimated,1875.00,PO00171558,UPCOMING,Nu,,,,,
Orange Romania SA,BLUE-IR-OC-6,1165,final,2027-01-05,estimated,990.00,25.05.2026,UPCOMING,Nu,,,,,
Orange Romania SA,PHISH-P-L-MM-F-350-12,1190,final,2027-01-05,estimated,416.67,25.05.2026,UPCOMING,Nu,,,,,
Orange Romania SA,CONSULTANCY-MISC-8,1214,final,2027-01-05,estimated,1116.67,25.05.2026,UPCOMING,Nu,,,,,
Orange Romania SA,ORO-TEM-SUPPORT-50-12,749,final,2027-02-01,estimated,1875.00,PO00171558,UPCOMING,Nu,,,,,
Orange Romania SA,BLUE-IR-OC-6,1166,final,2027-02-05,estimated,990.00,25.05.2026,UPCOMING,Nu,,,,,
Orange Romania SA,PHISH-P-L-MM-F-350-12,1191,final,2027-02-05,estimated,416.67,25.05.2026,UPCOMING,Nu,,,,,
Orange Romania SA,CONSULTANCY-MISC-8,1215,final,2027-02-05,estimated,1116.67,25.05.2026,UPCOMING,Nu,,,,,
Orange Romania SA,PHISH-P-L-YY-F-<410>-<12>,1222,final,2027-02-23,estimated,5400.00,18.02.2026,UPCOMING,Nu,,,,,
Orange Romania SA,ORO-TEM-SUPPORT-50-12,750,final,2027-03-01,estimated,1875.00,PO00171558,UPCOMING,Nu,,,,,
Orange Romania SA,BLUE-IR-OC-6,1167,final,2027-03-05,estimated,990.00,25.05.2026,UPCOMING,Nu,,,,,
Orange Romania SA,PHISH-P-L-MM-F-350-12,1192,final,2027-03-05,estimated,416.67,25.05.2026,UPCOMING,Nu,,,,,
Orange Romania SA,CONSULTANCY-MISC-8,1216,final,2027-03-05,estimated,1116.67,25.05.2026,UPCOMING,Nu,,,,,
Orange Romania SA,BLUE-IR-OC-6,1168,final,2027-04-05,estimated,990.00,25.05.2026,UPCOMING,Nu,,,,,
Orange Romania SA,PHISH-P-L-MM-F-350-12,1193,final,2027-04-05,estimated,416.67,25.05.2026,UPCOMING,Nu,,,,,
Orange Romania SA,CONSULTANCY-MISC-8,1217,final,2027-04-05,estimated,1116.67,25.05.2026,UPCOMING,Nu,,,,,
Orange Romania SA,BLUE-IR-OC-6,1169,final,2027-05-05,estimated,990.00,25.05.2026,UPCOMING,Nu,,,,,
Orange Romania SA,PHISH-P-L-MM-F-350-12,1194,final,2027-05-05,estimated,416.67,25.05.2026,UPCOMING,Nu,,,,,
Orange Romania SA,CONSULTANCY-MISC-8,1218,final,2027-05-05,estimated,1116.67,25.05.2026,UPCOMING,Nu,,,,,
"OVIDIU DEVELOPMENT S.A.,",RED-NIS-C-AUDIT-12,95,final,2022-12-21,actual,3000.00,Nr. RO80/48 din data de 22.09.2022,PAST_UNMATCHED,Da,TRACKER_SAYS_BILLED_NOT_FOUND,,,,
"OVIDIU DEVELOPMENT S.A.,",RED-NIS-C-AUDIT-12,97,final,2024-12-18,actual,3200.00,Nr. RO80 / 24 / 30.09.2024,PAST_UNMATCHED,Da,TRACKER_SAYS_BILLED_NOT_FOUND,,,,
PF LAURA-LUCIA VAIDA,BLUE-IR-4,1591,avans,2026-06-24,actual,0.00,404/16.06.2026,PAST_UNMATCHED,Da,TRACKER_SAYS_BILLED_NOT_FOUND,,,,
PLURIDIO S.R.L.,BLUE-MDR-C-65,1568,final,2026-11-05,estimated,1463.00,CONTRACT-CADRU DE PRESTARI SERVICII NR. 373/4.12.2025,UPCOMING,Nu,,,,,
PLURIDIO S.R.L.,BLUE-MDR-C-65,1569,final,2026-12-05,estimated,1463.00,CONTRACT-CADRU DE PRESTARI SERVICII NR. 373/4.12.2025,UPCOMING,Nu,,,,,
PLURIDIO S.R.L.,BLUE-MDR-C-65,1570,final,2027-01-05,estimated,1463.00,CONTRACT-CADRU DE PRESTARI SERVICII NR. 373/4.12.2025,UPCOMING,Nu,,,,,
PREMIER ENERGY FURNIZARE SA,RED-NIS-C-AUDIT-58,88,final,2024-12-18,actual,3000.00,Nr. 314/ 21.10.2024,PAST_UNMATCHED,Da,TRACKER_SAYS_BILLED_NOT_FOUND,,,,
PRIMONET RO SRL,BLUE-MDR-C-5,1441,final,2025-04-16,estimated,,332/3.3.2025,PAST_UNMATCHED,Nu,,,,,
PRIMONET RO SRL,BLUE-MDR-C-5,1457,final,2026-08-05,estimated,500.00,332/3.3.2025,UPCOMING,Nu,,,,,
PRIMONET RO SRL,BLUE-MDR-C-5,1458,final,2026-09-05,estimated,500.00,332/3.3.2025,UPCOMING,Nu,,,,,
PRIMONET RO SRL,BLUE-MDR-C-5,1459,final,2026-10-05,estimated,500.00,332/3.3.2025,UPCOMING,Nu,,,,,
PRIMONET RO SRL,BLUE-MDR-C-5,1460,final,2026-11-05,estimated,500.00,332/3.3.2025,UPCOMING,Nu,,,,,
PRIMONET RO SRL,BLUE-MDR-C-5,1461,final,2026-12-05,estimated,500.00,332/3.3.2025,UPCOMING,Nu,,,,,
PRIMONET RO SRL,BLUE-MDR-C-5,1462,final,2027-01-05,estimated,500.00,332/3.3.2025,UPCOMING,Nu,,,,,
PRIMONET RO SRL,BLUE-MDR-C-5,1463,final,2027-02-05,estimated,500.00,332/3.3.2025,UPCOMING,Nu,,,,,
PRIMONET RO SRL,BLUE-MDR-C-5,1464,final,2027-03-05,estimated,500.00,332/3.3.2025,UPCOMING,Nu,,,,,
PRO TV S.R.L.,CONSULTANCY-MISC-6,1329,final,2025-10-30,actual,3600.00,COMANDA FERMA CC_FIT 201PO0102881 /22.10.2025,PAST_UNMATCHED,Da,TRACKER_SAYS_BILLED_NOT_FOUND,,,,
PRO TV S.R.L.,CONSULTANCY-MISC-5,1331,final,2026-03-31,actual,2872.00,ACT ADITIONAL NR. 1 DIN 13.10.2025,PAST_UNMATCHED,Da,TRACKER_SAYS_BILLED_NOT_FOUND,,,,
Pvolve LLC,BLUE-MDR-C-8,1429,final,2026-08-05,estimated,1095.00,NO. 322/17.12.2024,UPCOMING,Nu,,,,,
Pvolve LLC,BLUE-MDR-C-9,1430,final,2026-09-05,estimated,1095.00,NO. 322/17.12.2024,UPCOMING,Nu,,,,,
Pvolve LLC,BLUE-MDR-C-10,1431,final,2026-10-05,estimated,1095.00,NO. 322/17.12.2024,UPCOMING,Nu,,,,,
Pvolve LLC,BLUE-MDR-C-11,1432,final,2026-11-05,estimated,1095.00,NO. 322/17.12.2024,UPCOMING,Nu,,,,,
Pvolve LLC,BLUE-MDR-C-12,1433,final,2026-12-05,estimated,1095.00,NO. 322/17.12.2024,UPCOMING,Nu,,,,,
Pvolve LLC,BLUE-MDR-C-13,1434,final,2027-01-05,estimated,1095.00,NO. 322/17.12.2024,UPCOMING,Nu,,,,,
Pvolve LLC,BLUE-MDR-C-14,1435,final,2027-02-05,estimated,1095.00,NO. 322/17.12.2024,UPCOMING,Nu,,,,,
Pvolve LLC,BLUE-MDR-C-15,1436,final,2027-03-05,estimated,1095.00,NO. 322/17.12.2024,UPCOMING,Nu,,,,,
Pvolve LLC,BLUE-MDR-C-16,1437,final,2027-04-05,estimated,1095.00,NO. 322/17.12.2024,UPCOMING,Nu,,,,,
Quantic Lab SRL,RED-PEN-B-E-B-50,203,final,2025-01-23,actual,3900.00,ACT ADITIONAL NR. 1 DIN 11.12.2024,PAST_UNMATCHED,Da,TRACKER_SAYS_BILLED_NOT_FOUND,,,,
Quantic Lab SRL,RED-PEN-B-E-B-50,204,final,2026-04-27,actual,4500.00,ACT ADITIONAL NR. 2 DIN 7.4.2026,PAST_UNMATCHED,Da,TRACKER_SAYS_BILLED_NOT_FOUND,,,,
Quanto Masernet GmbH.,RED-PEN-S-B-1,3,final,2020-12-22,actual,2000.00,NR. 1 DIN 10.12.2020,PAST_UNMATCHED,Da,TRACKER_SAYS_BILLED_NOT_FOUND,,,,
Quanto Masernet GmbH.,RED-PEN-S-B-1,5,final,2021-08-02,actual,4462.00,NR. 2 DIN 02.08.2021,PAST_UNMATCHED,Da,TRACKER_SAYS_BILLED_NOT_FOUND,,,,
Quanto Masernet GmbH.,RED-VA-E-S-50,6,final,2021-09-01,actual,690.00,NR. 2 DIN 02.08.2021,PAST_UNMATCHED,Da,TRACKER_SAYS_BILLED_NOT_FOUND,,,,
Quanto Masernet GmbH.,RED-VA-E-S-50,7,final,2021-10-04,actual,690.00,NR. 2 DIN 02.08.2021,PAST_UNMATCHED,Da,TRACKER_SAYS_BILLED_NOT_FOUND,,,,
Quanto Masernet GmbH.,RED-VA-E-S-50,8,final,2021-11-01,actual,690.00,NR. 2 DIN 02.08.2021,PAST_UNMATCHED,Da,TRACKER_SAYS_BILLED_NOT_FOUND,,,,
Quanto Masernet GmbH.,RED-VA-E-S-50,9,final,2021-12-02,actual,690.00,NR. 2 DIN 02.08.2021,PAST_UNMATCHED,Da,TRACKER_SAYS_BILLED_NOT_FOUND,,,,
Quanto Masernet GmbH.,RED-VA-E-S-50,10,final,2022-01-04,actual,690.00,NR. 2 DIN 02.08.2021,PAST_UNMATCHED,Da,TRACKER_SAYS_BILLED_NOT_FOUND,,,,
Quanto Masernet GmbH.,RED-VA-E-S-50,11,final,2022-02-03,actual,690.00,NR. 2 DIN 02.08.2021,PAST_UNMATCHED,Da,TRACKER_SAYS_BILLED_NOT_FOUND,,,,
Quanto Masernet GmbH.,RED-VA-E-S-50,12,final,2022-03-03,actual,690.00,NR. 2 DIN 02.08.2021,PAST_UNMATCHED,Da,TRACKER_SAYS_BILLED_NOT_FOUND,,,,
Quanto Masernet GmbH.,RED-VA-E-S-50,13,final,2022-04-06,actual,690.00,NR. 2 DIN 02.08.2021,PAST_UNMATCHED,Da,TRACKER_SAYS_BILLED_NOT_FOUND,,,,
Quanto Masernet GmbH.,RED-VA-E-S-50,14,final,2022-05-09,actual,690.00,NR. 2 DIN 02.08.2021,PAST_UNMATCHED,Da,TRACKER_SAYS_BILLED_NOT_FOUND,,,,
Quanto Masernet GmbH.,RED-VA-E-S-50,15,final,2022-06-09,actual,690.00,NR. 2 DIN 02.08.2021,PAST_UNMATCHED,Da,TRACKER_SAYS_BILLED_NOT_FOUND,,,,
Quanto Masernet GmbH.,RED-VA-E-S-50,16,final,2022-07-12,actual,690.00,NR. 2 DIN 02.08.2021,PAST_UNMATCHED,Da,TRACKER_SAYS_BILLED_NOT_FOUND,,,,
Quanto Masernet GmbH.,RED-VA-E-S-50,17,final,2022-08-08,actual,690.00,NR. 2 DIN 02.08.2021,PAST_UNMATCHED,Da,TRACKER_SAYS_BILLED_NOT_FOUND,,,,
Quanto Masernet GmbH.,RED-PEN-S-B-1,4,final,2024-12-19,actual,4290.00,176/08.12.2020,PAST_UNMATCHED,Da,TRACKER_SAYS_BILLED_NOT_FOUND,,,,
R.T.C. RADIOLOGY THERAPEUTIC CENTER SRL,RED-NIS-C-PEN-200,116,final,2022-12-14,actual,1150.00,262/28.11.2022,PAST_UNMATCHED,Da,TRACKER_SAYS_BILLED_NOT_FOUND,,,,
R.T.C. RADIOLOGY THERAPEUTIC CENTER SRL,RED-NIS-C-PEN-200,118,final,2022-12-14,actual,1150.00,103/28.11.2022,PAST_UNMATCHED,Da,TRACKER_SAYS_BILLED_NOT_FOUND,,,,
RADIOTHERAPY CENTER CLUJ SRL,RED-NIS-C-PEN-200,114,final,2022-12-14,actual,1150.00,711/28.11.2022,PAST_UNMATCHED,Da,TRACKER_SAYS_BILLED_NOT_FOUND,,,,
RESTART ENERGY DEMOCRACY SRL,RED-PEN-S-WB-1,124,final,2019-10-04,actual,8100.00,147/14.08.2019,PAST_UNMATCHED,Da,TRACKER_SAYS_BILLED_NOT_FOUND,,,,
RESTART ENERGY DEMOCRACY SRL,RED-PEN-S-WB-1,125,final,2021-07-26,actual,8000.00,193/09.06.2021,PAST_UNMATCHED,Da,TRACKER_SAYS_BILLED_NOT_FOUND,,,,
RESTART ENERGY DEMOCRACY SRL,RED-PEN-S-WB-2,126,final,2021-08-30,actual,3938.00,NR. 1 DIN 04.08.2021,PAST_UNMATCHED,Da,TRACKER_SAYS_BILLED_NOT_FOUND,,,,
ROBITE S.A.,RED-PEN-B-E-B-5,1572,final,2026-03-04,actual,1500.00,CONTRACT-CADRU DE PRESTĂRI SERVICII NR. 393/20.2.2026,PAST_UNMATCHED,Da,TRACKER_SAYS_BILLED_NOT_FOUND,,,,
ROMANIAN FRANCHISE SYSTEMS SRL,RED-PEN-S-WB-1,780,final,2023-03-20,actual,6285.00,252/16.01.2023,PAST_UNMATCHED,Da,TRACKER_SAYS_BILLED_NOT_FOUND,,,,
SELGROS CASH & CARRY S.R.L,PHISH-P-L-FM-F-2500-12,629,final,2022-12-21,actual,8100.00,235/15.11.2022,PAST_UNMATCHED,Da,TRACKER_SAYS_BILLED_NOT_FOUND,,,,
SELGROS CASH & CARRY S.R.L,BLUE-IR-10,1231,final,2024-08-21,actual,4680.00,15.05.2024,PAST_UNMATCHED,Da,TRACKER_SAYS_BILLED_NOT_FOUND,,,,
SELGROS CASH & CARRY S.R.L,BLUE-IR-OC-5,882,final,2025-01-02,actual,250.00,contract cadru cu diverse servicii de securitate,PAST_UNMATCHED,Da,TRACKER_SAYS_BILLED_NOT_FOUND,,,,
SELGROS CASH & CARRY S.R.L,BLUE-IR-OC-5,883,final,2025-02-02,actual,250.00,contract cadru cu diverse servicii de securitate,PAST_UNMATCHED,Da,TRACKER_SAYS_BILLED_NOT_FOUND,,,,
SELGROS CASH & CARRY S.R.L,CONSULTANCY-MISC-10,906,final,2025-02-05,actual,500.00,contract cadru cu diverse servicii de securitate,PAST_UNMATCHED,Da,TRACKER_SAYS_BILLED_NOT_FOUND,,,,
SELGROS CASH & CARRY S.R.L,BLUE-IR-OC-5,884,final,2025-03-02,actual,250.00,contract cadru cu diverse servicii de securitate,PAST_UNMATCHED,Da,TRACKER_SAYS_BILLED_NOT_FOUND,,,,
SELGROS CASH & CARRY S.R.L,CONSULTANCY-MISC-10,907,final,2025-03-05,actual,500.00,contract cadru cu diverse servicii de securitate,PAST_UNMATCHED,Da,TRACKER_SAYS_BILLED_NOT_FOUND,,,,
SELGROS CASH & CARRY S.R.L,BLUE-IR-OC-5,885,final,2025-04-02,actual,250.00,contract cadru cu diverse servicii de securitate,PAST_UNMATCHED,Da,TRACKER_SAYS_BILLED_NOT_FOUND,,,,
SELGROS CASH & CARRY S.R.L,CONSULTANCY-MISC-10,908,final,2025-04-05,actual,500.00,contract cadru cu diverse servicii de securitate,PAST_UNMATCHED,Da,TRACKER_SAYS_BILLED_NOT_FOUND,,,,
SELGROS CASH & CARRY S.R.L,BLUE-IR-OC-5,886,final,2025-05-13,actual,250.00,contract cadru cu diverse servicii de securitate,PAST_UNMATCHED,Da,TRACKER_SAYS_BILLED_NOT_FOUND,,,,
SELGROS CASH & CARRY S.R.L,CONSULTANCY-MISC-10,909,final,2025-05-13,actual,500.00,contract cadru cu diverse servicii de securitate,PAST_UNMATCHED,Da,TRACKER_SAYS_BILLED_NOT_FOUND,,,,
SELGROS CASH & CARRY S.R.L,BLUE-IR-OC-5,887,final,2025-06-16,actual,250.00,contract cadru cu diverse servicii de securitate,PAST_UNMATCHED,Da,TRACKER_SAYS_BILLED_NOT_FOUND,,,,
SELGROS CASH & CARRY S.R.L,CONSULTANCY-MISC-10,910,final,2025-06-16,actual,500.00,contract cadru cu diverse servicii de securitate,PAST_UNMATCHED,Da,TRACKER_SAYS_BILLED_NOT_FOUND,,,,
SELGROS CASH & CARRY S.R.L,BLUE-IR-OC-5,888,final,2025-07-10,actual,250.00,contract cadru cu diverse servicii de securitate,PAST_UNMATCHED,Da,TRACKER_SAYS_BILLED_NOT_FOUND,,,,
SELGROS CASH & CARRY S.R.L,CONSULTANCY-MISC-10,911,final,2025-07-10,actual,500.00,contract cadru cu diverse servicii de securitate,PAST_UNMATCHED,Da,TRACKER_SAYS_BILLED_NOT_FOUND,,,,
SELGROS CASH & CARRY S.R.L,BLUE-IR-OC-5,889,final,2025-08-04,actual,250.00,contract cadru cu diverse servicii de securitate,PAST_UNMATCHED,Da,TRACKER_SAYS_BILLED_NOT_FOUND,,,,
SELGROS CASH & CARRY S.R.L,CONSULTANCY-MISC-64,1240,final,2026-07-30,estimated,3341.50,20.3.2025,PAST_UNMATCHED,Nu,,,,,
SELGROS CASH & CARRY S.R.L,CONSULTANCY-MISC-32,1241,final,2026-07-30,estimated,3543.75,20.3.2025,PAST_UNMATCHED,Nu,,,,,
SELGROS CASH & CARRY S.R.L,CONSULTANCY-MISC-32,1242,final,2026-07-30,estimated,3341.00,20.3.2025,PAST_UNMATCHED,Nu,,,,,
SELGROS CASH & CARRY S.R.L,CONSULTANCY-MISC-10,901,final,2026-08-05,estimated,500.00,contract cadru cu diverse servicii de securitate,UPCOMING,Nu,,,,,
SELGROS CASH & CARRY S.R.L,BLUE-IR-OC-5,924,final,2026-08-05,estimated,250.00,contract cadru cu diverse servicii de securitate,UPCOMING,Nu,,,,,
SELGROS CASH & CARRY S.R.L,CONSULTANCY-MISC-16,1243,final,2026-08-30,estimated,2329.00,20.3.2025,UPCOMING,Nu,,,,,
SELGROS CASH & CARRY S.R.L,CONSULTANCY-MISC-10,902,final,2026-09-05,estimated,500.00,contract cadru cu diverse servicii de securitate,UPCOMING,Nu,,,,,
SELGROS CASH & CARRY S.R.L,BLUE-IR-OC-5,925,final,2026-09-05,estimated,250.00,contract cadru cu diverse servicii de securitate,UPCOMING,Nu,,,,,
SELGROS CASH & CARRY S.R.L,CONSULTANCY-MISC-16,1244,final,2026-09-30,estimated,1771.00,20.3.2025,UPCOMING,Nu,,,,,
SELGROS CASH & CARRY S.R.L,CONSULTANCY-MISC-10,903,final,2026-10-05,estimated,500.00,contract cadru cu diverse servicii de securitate,UPCOMING,Nu,,,,,
SELGROS CASH & CARRY S.R.L,BLUE-IR-OC-5,926,final,2026-10-05,estimated,250.00,contract cadru cu diverse servicii de securitate,UPCOMING,Nu,,,,,
SELGROS CASH & CARRY S.R.L,CONSULTANCY-MISC-16,1245,final,2026-10-30,estimated,1569.00,20.3.2025,UPCOMING,Nu,,,,,
SELGROS CASH & CARRY S.R.L,CONSULTANCY-MISC-10,904,final,2026-11-05,estimated,500.00,contract cadru cu diverse servicii de securitate,UPCOMING,Nu,,,,,
SELGROS CASH & CARRY S.R.L,BLUE-IR-OC-5,927,final,2026-11-05,estimated,250.00,contract cadru cu diverse servicii de securitate,UPCOMING,Nu,,,,,
SELGROS CASH & CARRY S.R.L,CONSULTANCY-MISC-16,1246,final,2026-11-30,estimated,911.00,20.3.2025,UPCOMING,Nu,,,,,
SELGROS CASH & CARRY S.R.L,CONSULTANCY-MISC-10,905,final,2026-12-05,estimated,500.00,contract cadru cu diverse servicii de securitate,UPCOMING,Nu,,,,,
SELGROS CASH & CARRY S.R.L,BLUE-IR-OC-5,928,final,2026-12-05,estimated,250.00,contract cadru cu diverse servicii de securitate,UPCOMING,Nu,,,,,
SEVIO SOLUTIONS S.R.L.,RED-PEN-S-B-1,790,final,2023-07-17,actual,4950.00,265/18.05.2023,PAST_UNMATCHED,Da,TRACKER_SAYS_BILLED_NOT_FOUND,,,,
S.C. SIEPCOFAR S.A.,RED-NIS-C-PEN-300,791,avans,2023-05-17,actual,0.00,264/04.05.2023,PAST_UNMATCHED,Da,TRACKER_SAYS_BILLED_NOT_FOUND,,,,
S.C. SIEPCOFAR S.A.,RED-NIS-C-AUDIT-300,792,avans,2023-05-17,actual,2734.00,264/04.05.2023,PAST_UNMATCHED,Da,TRACKER_SAYS_BILLED_NOT_FOUND,,,,
S.C. SIEPCOFAR S.A.,RED-NIS-C-PEN-300,791,final,2023-08-28,actual,3500.00,264/04.05.2023,PAST_UNMATCHED,Da,TRACKER_SAYS_BILLED_NOT_FOUND,,,,
S.C. SIEPCOFAR S.A.,RED-NIS-C-AUDIT-300,792,final,2023-08-28,actual,4100.00,264/04.05.2023,PAST_UNMATCHED,Da,TRACKER_SAYS_BILLED_NOT_FOUND,,,,
SILKWEB SA,RED-C-M-MM-16,212,final,2021-10-04,actual,625.00,NR. 1 DIN 18.3.2022,PAST_UNMATCHED,Da,TRACKER_SAYS_BILLED_NOT_FOUND,,,,
SILKWEB SA,RED-PEN-S-W-<1>,211,final,2026-03-27,actual,4200.00,Nr. 11 din 9.3.2026,PAST_UNMATCHED,Da,TRACKER_SAYS_BILLED_NOT_FOUND,,,,
SILKWEB SA,RED-C-M-MM-16,305,final,2026-08-05,estimated,625.00,NR. 10 DIN 9.3.2030,UPCOMING,Nu,,,,,
SILKWEB SA,BLUE-MDR-C-100,329,final,2026-08-05,estimated,1350.00,NR. 9 DIN 9.03.2026,UPCOMING,Nu,,,,,
SILKWEB SA,RED-C-M-MM-16,306,final,2026-09-05,estimated,625.00,NR. 10 DIN 9.3.2031,UPCOMING,Nu,,,,,
SILKWEB SA,BLUE-MDR-C-100,330,final,2026-09-05,estimated,1350.00,NR. 9 DIN 9.03.2026,UPCOMING,Nu,,,,,
SILKWEB SA,RED-C-M-MM-16,307,final,2026-10-05,estimated,625.00,NR. 10 DIN 9.3.2032,UPCOMING,Nu,,,,,
SILKWEB SA,BLUE-MDR-C-100,331,final,2026-10-05,estimated,1350.00,NR. 9 DIN 9.03.2026,UPCOMING,Nu,,,,,
SILKWEB SA,RED-C-M-MM-16,308,final,2026-11-05,estimated,625.00,NR. 10 DIN 9.3.2033,UPCOMING,Nu,,,,,
SILKWEB SA,BLUE-MDR-C-100,332,final,2026-11-05,estimated,1350.00,NR. 9 DIN 9.03.2026,UPCOMING,Nu,,,,,
SILKWEB SA,RED-C-M-MM-16,309,final,2026-12-05,estimated,625.00,NR. 10 DIN 9.3.2034,UPCOMING,Nu,,,,,
SILKWEB SA,BLUE-MDR-C-100,333,final,2026-12-05,estimated,1350.00,NR. 9 DIN 9.03.2026,UPCOMING,Nu,,,,,
SILKWEB SA,RED-C-M-MM-16,310,final,2027-01-05,estimated,625.00,NR. 10 DIN 9.3.2035,UPCOMING,Nu,,,,,
SILKWEB SA,BLUE-MDR-C-100,334,final,2027-01-05,estimated,1350.00,NR. 9 DIN 9.03.2026,UPCOMING,Nu,,,,,
SILKWEB SA,RED-C-M-MM-16,311,final,2027-02-05,estimated,625.00,NR. 10 DIN 9.3.2036,UPCOMING,Nu,,,,,
SILKWEB SA,BLUE-MDR-C-100,335,final,2027-02-05,estimated,1350.00,NR. 9 DIN 9.03.2026,UPCOMING,Nu,,,,,
SILKWEB SA,RED-C-M-MM-16,312,final,2027-03-05,estimated,625.00,NR. 10 DIN 9.3.2037,UPCOMING,Nu,,,,,
SILKWEB SA,BLUE-MDR-C-100,336,final,2027-03-05,estimated,1350.00,NR. 9 DIN 9.03.2026,UPCOMING,Nu,,,,,
SNGN ROMGAZ SA - FILIALA DE INMAGAZINARE GAZE NATURALE DEPOGAZ PLOIESTI SRL,RED-NIS-C-PEN-500,777,final,2023-05-19,actual,10000.00,250/23.12.2022,PAST_UNMATCHED,Da,TRACKER_SAYS_BILLED_NOT_FOUND,,,,
SPRING FARM SRL,RED-NIS-C-AUDIT-100,840,avans,2023-05-12,actual,350.00,179/20.04.2023,PAST_UNMATCHED,Da,TRACKER_SAYS_BILLED_NOT_FOUND,,,,
Stillfront Group AB,RED-PEN-B-E-B-5,1334,avans,2024-12-23,actual,0.00,NO. 320/16.12.2024,PAST_UNMATCHED,Da,TRACKER_SAYS_BILLED_NOT_FOUND,,,,
Stillfront Group AB,RED-PEN-B-E-B-5,1334,final,2025-01-23,actual,6000.00,NO. 320/16.12.2024,PAST_UNMATCHED,Da,TRACKER_SAYS_BILLED_NOT_FOUND,,,,
Stillfront Group AB,RED-PEN-B-E-B-12,1335,final,2025-04-28,actual,7200.00,NO. 320/16.12.2024,PAST_UNMATCHED,Da,TRACKER_SAYS_BILLED_NOT_FOUND,,,,
Stillfront Group AB,RED-PEN-B-E-B-16,1336,final,2025-06-23,actual,9600.00,NO. 320/16.12.2024,PAST_UNMATCHED,Da,TRACKER_SAYS_BILLED_NOT_FOUND,,,,
TECHNOSOFT S.A.,RED-PEN-B-I-B-50,1338,avans,2025-02-10,actual,1144.00,NO. 323/20.12.2024,PAST_UNMATCHED,Da,TRACKER_SAYS_BILLED_NOT_FOUND,,,,
TECHNOSOFT S.A.,RED-PEN-B-I-B-50,1338,final,2025-02-21,actual,2860.00,NO. 323/20.12.2024,PAST_UNMATCHED,Da,TRACKER_SAYS_BILLED_NOT_FOUND,,,,
"The Brief, Inc.",RED-PEN-B-E-B-5,1313,avans,,none,1750.00,NR. 303/9.07.2024,UNMATCHED_NO_DATE,Nu,,,,,
"The Brief, Inc.",RED-PEN-B-E-B-5,1314,final,2026-08-20,estimated,1750.00,NR. 303/9.07.2024,UPCOMING,Nu,,,,,
There’s An AI For That SRL,RED-PEN-B-E-B-5,1029,avans,2024-05-07,actual,2925.00,NR. 292 DIN 29.4.2024,PAST_UNMATCHED,Da,TRACKER_SAYS_BILLED_NOT_FOUND,,,,
There’s An AI For That SRL,RED-PEN-B-E-B-5,1029,final,2024-05-31,actual,3025.00,NR. 292 DIN 29.4.2024,PAST_UNMATCHED,Da,TRACKER_SAYS_BILLED_NOT_FOUND,,,,
TIMESAFE SRL,RED-PEN-S-G-2,170,avans,,none,1620.00,NR. 1 DIN 24.08.2022,UNMATCHED_NO_DATE,N/A,,,,,
TIMESAFE SRL,RED-PEN-S-G-2,170,final,2022-11-23,actual,2430.00,NR. 1 DIN 24.08.2022,PAST_UNMATCHED,Da,TRACKER_SAYS_BILLED_NOT_FOUND,,,,
"TMK HYDROENERGY POWER S.R.L.,",RED-NIS-C-AUDIT-4,99,final,2022-12-21,actual,3500.00,Nr. RO90/31 din data de 30.09.2022,PAST_UNMATCHED,Da,TRACKER_SAYS_BILLED_NOT_FOUND,,,,
"TMK HYDROENERGY POWER S.R.L.,",RED-NIS-C-AUDIT-4,101,final,2024-12-18,actual,3200.00,Nr. RO90 /38 / 30.09.2024,PAST_UNMATCHED,Da,TRACKER_SAYS_BILLED_NOT_FOUND,,,,
"TOMIS TEAM S.A.,",RED-NIS-C-AUDIT-12,91,final,2022-12-21,actual,3000.00,Nr. RO60/50 din data de 22.09.2022,PAST_UNMATCHED,Da,TRACKER_SAYS_BILLED_NOT_FOUND,,,,
"TOMIS TEAM S.A.,",RED-NIS-C-AUDIT-12,93,final,2024-12-18,actual,3200.00,Nr. RO60 /60 / 30.09.2024,PAST_UNMATCHED,Da,TRACKER_SAYS_BILLED_NOT_FOUND,,,,
TOTEM COMMUNICATION SRL,RED-PEN-B-E-B-8,1571,final,2026-02-11,actual,2600.00,CONTRACT-CADRU DE PRESTARI SERVICII Nr. 372/2.12.2025,PAST_UNMATCHED,Da,TRACKER_SAYS_BILLED_NOT_FOUND,,,,
United Media Services SRL,BLUE-MDR-I,558,final,2020-11-22,actual,7000.00,ACT ADITIONAL NR. 1 DIN 03.11.2021,PAST_UNMATCHED,Da,TRACKER_SAYS_BILLED_NOT_FOUND,,,,
United Media Services SRL,BLUE-MDR-C-119,614,final,2026-08-05,estimated,1250.00,CONTRACT-CADRU DE PRESTARI SERVICII NR. 346/7.7.2025,UPCOMING,Nu,,,,,
United Media Services SRL,BLUE-MDR-C-119,615,final,2026-09-05,estimated,1250.00,CONTRACT-CADRU DE PRESTARI SERVICII NR. 346/7.7.2025,UPCOMING,Nu,,,,,
United Media Services SRL,BLUE-MDR-C-119,616,final,2026-10-05,estimated,1250.00,CONTRACT-CADRU DE PRESTARI SERVICII NR. 346/7.7.2025,UPCOMING,Nu,,,,,
United Media Services SRL,BLUE-MDR-C-119,617,final,2026-11-05,estimated,1250.00,CONTRACT-CADRU DE PRESTARI SERVICII NR. 346/7.7.2025,UPCOMING,Nu,,,,,
United Media Services SRL,BLUE-MDR-C-119,618,final,2026-12-05,estimated,1250.00,CONTRACT-CADRU DE PRESTARI SERVICII NR. 346/7.7.2025,UPCOMING,Nu,,,,,
United Media Services SRL,BLUE-MDR-C-119,619,final,2027-01-05,estimated,1250.00,CONTRACT-CADRU DE PRESTARI SERVICII NR. 346/7.7.2025,UPCOMING,Nu,,,,,
United Media Services SRL,BLUE-MDR-C-119,620,final,2027-02-05,estimated,1250.00,CONTRACT-CADRU DE PRESTARI SERVICII NR. 346/7.7.2025,UPCOMING,Nu,,,,,
United Media Services SRL,BLUE-MDR-C-119,621,final,2027-03-05,estimated,1250.00,CONTRACT-CADRU DE PRESTARI SERVICII NR. 346/7.7.2025,UPCOMING,Nu,,,,,
United Media Services SRL,BLUE-MDR-C-119,622,final,2027-04-05,estimated,1250.00,CONTRACT-CADRU DE PRESTARI SERVICII NR. 346/7.7.2025,UPCOMING,Nu,,,,,
United Media Services SRL,BLUE-MDR-C-119,623,final,2027-05-05,estimated,1250.00,CONTRACT-CADRU DE PRESTARI SERVICII NR. 346/7.7.2025,UPCOMING,Nu,,,,,
United Media Services SRL,BLUE-MDR-C-119,624,final,2027-06-05,estimated,1250.00,CONTRACT-CADRU DE PRESTARI SERVICII NR. 346/7.7.2025,UPCOMING,Nu,,,,,
United Media Services SRL,BLUE-MDR-C-119,625,final,2027-07-05,estimated,1250.00,CONTRACT-CADRU DE PRESTARI SERVICII NR. 346/7.7.2025,UPCOMING,Nu,,,,,
United Nations Development Programme,CYBEREDU-RUN-EX-2,1585,final,2026-05-25,actual,4150.00,PO 10541584 din 11.05.2026,PAST_UNMATCHED,Da,TRACKER_SAYS_BILLED_NOT_FOUND,,,,
SC VALORIS CENTER SRL,RED-VA-I-S-25,157,avans,,none,2500.00,act aditional nr 1 09.06.2022,UNMATCHED_NO_DATE,N/A,,,,,
SC VALORIS CENTER SRL,RED-VA-I-S-25,158,avans,,none,2500.00,act aditional nr 2 16.06.2023,UNMATCHED_NO_DATE,N/A,,,,,
SC VALORIS CENTER SRL,RED-VA-I-S-25,160,avans,,none,2500.00,act aditional nr 4 21.07.2024,UNMATCHED_NO_DATE,Nu,,,,,
SC VALORIS CENTER SRL,RED-VA-I-S-25,157,final,2022-06-09,actual,0.00,act aditional nr 1 09.06.2022,PAST_UNMATCHED,Da,TRACKER_SAYS_BILLED_NOT_FOUND,,,,
SC VALORIS CENTER SRL,RED-VA-I-S-25,159,final,2024-07-31,actual,0.00,act aditional nr 3 9.07.2024,PAST_UNMATCHED,Da,TRACKER_SAYS_BILLED_NOT_FOUND,,,,
VIG MANAGEMENT SERVICE SRL,RED-PEN-B-E-B-108,1589,final,2026-08-30,estimated,34998.00,NR. 401/21.05.2026,UPCOMING,Nu,,,,,
VOLTA X SOLAR SYSTEMS S.R.L.,RED-PEN-B-E-B-5,1575,final,2026-03-16,actual,1625.00,CONTRACT-CADRU DE PRESTĂRI SERVICII Nr. 392/11.2.2026,PAST_UNMATCHED,Da,TRACKER_SAYS_BILLED_NOT_FOUND,,,,
Waydev Inc,BLUE-IR-20,482,avans,2020-07-08,actual,4000.00,165/08.07.2020,PAST_UNMATCHED,Da,TRACKER_SAYS_BILLED_NOT_FOUND,,,,
Waydev Inc,RED-PEN-S-WB-1,555,final,2023-06-26,actual,2750.00,NR. 1 DIN 18.04.2023,PAST_UNMATCHED,Da,TRACKER_SAYS_BILLED_NOT_FOUND,,,,
WHITE IMAGE LOYALTY SRL,RED-PEN-B-E-B-10,1553,final,2025-11-17,actual,2950.00,CONTRACT-CADRU DE PRESTARI SERVICII NR. 367/14.10.2025,PAST_UNMATCHED,Da,TRACKER_SAYS_BILLED_NOT_FOUND,,,,
"WINSIDER SEMINARS & SOLUTIONS, INC.",CYBEREDU-UNR,848,final,2023-05-02,actual,6500.00,115/22.03.2023,PAST_UNMATCHED,Da,TRACKER_SAYS_BILLED_NOT_FOUND,,,,
XOOMWORKS DEVELOPMENT RO S.R.L,CYBEREDU-DEV-T-2,849,final,2022-04-29,actual,3750.00,104/04.02.2022,PAST_UNMATCHED,Da,TRACKER_SAYS_BILLED_NOT_FOUND,,,,
Zamfirescu Racoti Vasile & Partners,BLUE-MDR-C-103,948,final,2024-02-01,actual,1632.00,nr. 284/29.01.2024,PAST_UNMATCHED,Da,TRACKER_SAYS_BILLED_NOT_FOUND,,,,
Zamfirescu Racoti Vasile & Partners,BLUE-MDR-C-103,978,final,2026-08-05,estimated,1150.00,"Act aditional Nr. 1 din 8.1.2025, nr. 284/29.01.2024",UPCOMING,Nu,,,,,
Zamfirescu Racoti Vasile & Partners,BLUE-MDR-C-103,979,final,2026-09-05,estimated,1150.00,"Act aditional Nr. 1 din 8.1.2025, nr. 284/29.01.2024",UPCOMING,Nu,,,,,
Zamfirescu Racoti Vasile & Partners,BLUE-MDR-C-103,980,final,2026-10-05,estimated,1150.00,"Act aditional Nr. 1 din 8.1.2025, nr. 284/29.01.2024",UPCOMING,Nu,,,,,
Zamfirescu Racoti Vasile & Partners,BLUE-MDR-C-103,981,final,2026-11-05,estimated,1150.00,"Act aditional Nr. 1 din 8.1.2025, nr. 284/29.01.2024",UPCOMING,Nu,,,,,
Zamfirescu Racoti Vasile & Partners,BLUE-MDR-C-103,982,final,2026-12-05,estimated,1150.00,"Act aditional Nr. 1 din 8.1.2025, nr. 284/29.01.2024",UPCOMING,Nu,,,,,
Zamfirescu Racoti Vasile & Partners,BLUE-MDR-C-103,983,final,2027-01-05,estimated,1150.00,"Act aditional Nr. 1 din 8.1.2025, nr. 284/29.01.2024",UPCOMING,Nu,,,,,
Zipper,RED-PEN-S-WB-1,354,avans,2023-12-12,actual,3630.00,NR. 277/11.12.2023,PAST_UNMATCHED,Da,TRACKER_SAYS_BILLED_NOT_FOUND,,,,
Zipper,RED-PEN-S-WB-1,355,avans,2023-12-12,actual,3630.00,NR. 277/11.12.2023,PAST_UNMATCHED,Da,TRACKER_SAYS_BILLED_NOT_FOUND,,,,
Zipper,RED-PEN-S-WB-1,354,final,2023-12-22,actual,0.00,NR. 277/11.12.2023,PAST_UNMATCHED,Da,TRACKER_SAYS_BILLED_NOT_FOUND,,,,
Zipper,RED-PEN-S-WB-1,355,final,2023-12-22,actual,0.00,NR. 277/11.12.2023,PAST_UNMATCHED,Da,TRACKER_SAYS_BILLED_NOT_FOUND,,,,
ZIPPER SERVICES SRL,RED-PEN-S-WB-1,337,final,2018-01-18,actual,4750.00,NR.109 DIN 07.12.2017,PAST_UNMATCHED,Da,TRACKER_SAYS_BILLED_NOT_FOUND,,,,
ZIPPER SERVICES SRL,RED-GDPR-3,341,final,2018-09-03,actual,800.00,NR.44 DIN 04.05.2018,PAST_UNMATCHED,Da,TRACKER_SAYS_BILLED_NOT_FOUND,,,,
ZIPPER SERVICES SRL,RED-GDPR-5,345,final,2019-06-10,actual,1350.00,NR.142/18.02.2019,PAST_UNMATCHED,Da,TRACKER_SAYS_BILLED_NOT_FOUND,,,,
ZIPPER SERVICES SRL,RED-NIS-C-PEN-10,357,final,2025-01-31,actual,3600.00,NR. 318/25.11.2024,PAST_UNMATCHED,Da,TRACKER_SAYS_BILLED_NOT_FOUND,,,,